price,marketing_spend,usage,demand
124.87,10417.84,68.34,556.28
286.2,12153.54,25.51,343.83
224.96,4506.55,88.52,287.41
187.62,9748.24,65.18,479.66
63.69,9004.44,24.15,567.43
63.68,12659.63,96.61,729.81
36.26,13685.22,56.65,761.14
262.53,1170.19,16.56,103.57
188.31,10436.28,66.41,513.68
218.26,1725.7,32.79,222.24
25.76,8684.02,82.33,658.65
291.57,5026.86,83.6,176.84
253.08,5294.87,98.11,270.92
79.45,5941.42,55.17,524.68
70.91,9698.09,50.95,615.12
71.35,5676.7,77.81,539.45
105.19,11257.79,21.92,591.0
166.93,6663.38,59.22,404.73
140.94,1956.94,59.16,318.6
101.54,11972.64,18.05,593.18
191.32,5000.62,47.62,289.49
59.06,7058.74,86.8,603.06
101.8,10596.21,87.05,583.16
122.58,5654.39,18.93,441.95
147.7,1792.2,18.16,349.66
239.85,6234.89,33.64,262.77
75.91,14222.28,88.73,736.17
163.99,9984.28,21.6,455.84
185.88,10400.71,74.8,501.66
33.01,9851.95,19.1,649.78
190.11,3785.89,66.08,306.78
67.75,6856.67,42.05,570.28
38.21,11513.16,81.0,704.73
285.69,2419.22,31.03,118.54
290.38,4889.94,67.53,186.44
246.35,4868.47,31.21,242.56
105.29,7048.26,74.23,546.99
47.35,14725.16,88.63,729.11
211.59,1945.04,21.41,232.69
143.24,8261.81,87.99,506.87
54.17,3511.11,63.42,524.55
158.65,14589.47,21.44,590.73
29.63,2586.25,48.48,530.03
274.61,6650.41,24.48,229.64
92.46,11330.39,73.03,636.28
205.51,10863.76,78.3,450.15
107.28,6918.2,19.52,479.4
165.62,5851.34,55.55,406.7
173.08,6566.57,83.32,400.32
71.76,4699.87,94.25,521.26
291.48,3874.66,56.22,157.82
237.04,7762.56,95.53,374.52
283.06,4759.47,58.21,135.29
270.55,5024.46,45.48,225.31
187.41,10194.58,86.34,466.63
278.12,14559.52,54.37,367.57
44.78,9450.92,52.47,654.28
74.88,2077.71,54.13,465.82
32.66,2058.17,86.21,547.07
111.09,14319.93,84.87,609.16
128.83,5162.07,46.32,460.48
95.98,2288.94,40.0,407.06
252.05,9386.62,54.27,350.53
119.89,9731.08,61.55,560.38
98.66,10079.07,31.45,551.78
171.95,4743.63,81.46,390.88
59.46,1211.55,53.78,454.22
244.62,14510.22,40.06,401.89
40.87,4512.5,19.61,562.1
296.33,10464.37,31.5,265.04
236.23,10892.82,95.44,394.14
75.64,9540.1,37.46,588.01
21.55,5380.7,25.2,593.34
248.33,4795.35,51.46,248.0
217.92,9367.36,37.64,390.25
224.12,13125.34,13.16,406.12
235.96,14254.27,39.08,435.85
40.73,2482.68,58.97,515.72
120.37,3167.6,59.65,450.58
52.44,14226.31,42.09,724.63
261.67,11311.49,50.26,380.56
194.52,13361.91,96.9,524.67
112.65,3836.86,43.96,420.07
37.8,9226.2,33.24,639.52
107.08,10815.95,31.91,568.29
111.05,10521.57,51.2,581.53
224.29,6714.12,78.36,364.52
198.52,1215.53,28.54,248.0
268.42,9160.96,73.84,341.25
152.22,4543.42,11.9,349.19
53.49,7303.56,47.7,581.4
219.71,14406.13,79.83,483.99
233.02,6586.49,40.49,308.73
177.16,12757.22,60.74,512.6
235.87,3639.57,28.45,247.8
158.26,10414.45,76.78,490.66
166.37,14678.1,14.71,552.23
139.71,2426.5,86.73,396.06
27.12,1116.48,27.84,454.27
50.21,7070.16,88.7,652.87
28.8,2296.76,41.73,517.94
198.19,11477.38,75.04,429.28
108.02,13803.68,38.73,636.57
162.4,7076.29,91.53,444.36
274.12,4621.96,21.4,190.32
89.8,7081.65,26.07,539.79
134.91,11128.27,54.37,562.34
231.55,1126.76,17.37,189.85
84.06,9252.36,27.64,581.77
41.55,9586.08,94.94,674.77
101.13,9927.64,97.88,631.31
65.14,4388.31,43.86,482.4
280.32,10996.74,93.1,348.8
246.27,2279.48,59.03,207.0
197.35,3789.78,34.28,313.17
264.01,13284.58,73.22,389.41
245.03,11342.12,69.3,359.08
72.24,1192.44,99.02,468.14
269.92,4477.27,33.85,207.22
171.02,4001.69,70.49,388.54
246.08,4791.29,14.68,208.63
270.91,4465.84,20.23,216.17
109.04,1875.37,10.35,426.47
50.81,7425.17,99.95,614.7
83.82,11258.27,82.2,614.72
139.59,9494.24,80.81,512.76
249.04,10420.2,55.88,363.06
261.0,2136.09,37.01,180.99
21.95,14320.87,23.61,753.48
163.01,12738.89,35.62,559.18
136.88,12271.26,43.84,539.74
82.19,12521.77,78.07,631.4
53.56,14057.95,58.57,752.23
114.53,8619.56,16.97,463.59
284.01,3803.95,11.62,151.79
110.5,9634.97,19.21,598.91
165.26,11400.34,46.94,503.35
216.85,11330.84,93.99,425.93
121.82,8300.29,67.37,515.82
292.1,1958.42,82.16,141.09
289.49,6195.58,51.97,218.88
90.5,13890.73,42.55,676.59
159.23,9182.28,19.76,433.9
104.25,8536.65,88.83,592.53
99.76,4763.95,80.48,490.79
30.33,6158.28,25.13,604.77
190.68,13534.85,56.1,500.17
160.75,10330.48,53.86,518.14
34.41,12023.42,66.26,716.84
98.02,7360.84,95.16,553.31
274.31,9823.46,62.18,297.43
87.08,4477.37,58.62,468.3
60.57,10876.45,14.53,647.7
157.05,6986.42,15.66,403.12
295.98,7195.64,26.86,196.29
87.78,10090.51,12.92,563.74
208.2,14107.93,76.9,522.29
233.25,1896.09,75.1,213.01
86.54,12546.41,22.25,629.89
223.9,5093.36,85.25,308.94
122.98,7214.87,23.93,433.45
197.05,1306.79,37.11,219.7
197.39,5214.65,32.41,331.14
170.02,8036.84,43.51,412.72
45.28,1786.47,32.92,505.4
253.88,7875.34,54.01,323.02
109.82,13979.55,46.67,652.58
72.23,2475.51,98.79,526.96
31.42,11702.17,15.03,692.77
185.45,6735.39,22.8,380.91
209.72,10172.43,14.75,384.56
24.64,4643.31,66.33,638.11
163.39,3232.89,14.91,366.7
83.42,3246.48,85.28,482.68
200.65,1986.89,56.07,274.53
68.82,3599.05,57.43,524.65
213.46,10299.07,60.54,413.12
128.29,13343.67,25.37,574.0
282.28,12397.76,27.79,355.9
58.51,10591.88,38.69,644.99
115.5,2546.05,63.41,413.04
51.77,5048.62,28.91,521.08
278.91,5337.3,20.47,164.26
265.66,4499.4,97.31,244.88
92.22,8210.08,11.98,549.95
204.8,8497.75,82.24,399.37
248.82,5996.4,80.92,315.88
175.46,5953.05,36.75,360.17
168.3,12599.78,22.21,489.55
87.72,12050.1,23.11,619.63
46.07,5309.14,72.77,571.81
271.22,13793.04,67.85,418.36
272.12,14339.41,80.45,403.34
197.27,5574.4,94.37,390.13
114.93,5961.95,72.27,522.32
117.78,8078.88,24.03,496.14
223.27,14175.69,31.91,489.56
271.19,13268.47,85.8,380.35
268.38,2435.95,28.84,182.07
238.37,6498.23,16.53,301.63
199.77,8747.2,73.3,429.21
43.56,8043.85,46.23,618.34
65.26,3714.08,92.8,463.71
271.6,13023.43,68.52,374.5
189.8,10477.17,18.14,421.39
22.58,12730.72,95.31,748.84
48.41,13022.7,33.27,706.92
205.78,11476.98,40.35,432.66
21.42,7148.95,46.2,617.46
65.03,9547.65,14.61,579.54
173.65,3245.12,54.69,317.47
213.73,10431.04,21.1,421.0
202.55,3509.55,46.09,276.19
82.8,10715.29,41.56,600.6
219.41,4214.37,79.56,285.82
86.43,2645.72,82.29,471.19
111.11,3313.98,23.81,420.64
229.02,1027.89,42.99,137.63
201.9,11062.35,43.6,460.63
257.78,11253.61,23.63,378.94
204.13,8209.07,81.86,377.91
179.13,3259.08,73.65,313.87
46.23,2169.76,27.13,478.61
122.96,1267.81,43.0,347.3
94.26,3320.47,19.52,439.26
88.32,13471.98,66.54,631.3
292.44,4381.52,20.92,137.07
130.07,5959.8,98.73,504.25
269.77,2474.84,80.26,166.4
196.72,4113.06,45.12,334.61
242.55,8269.14,62.07,339.7
160.74,9508.54,92.02,458.89
181.53,4434.93,59.87,359.04
157.9,1808.25,25.7,309.81
74.67,6474.46,44.08,530.42
222.29,4278.85,85.88,299.99
98.62,4073.75,67.98,477.03
26.81,14438.08,68.57,796.98
200.73,9628.21,88.01,459.04
69.59,8796.3,90.46,624.93
283.33,6820.85,92.78,230.3
287.1,7005.22,18.54,209.25
276.16,8572.67,58.97,345.56
123.64,10750.02,76.65,582.35
24.33,10830.05,78.12,766.56
279.93,3403.71,64.6,208.39
139.89,8001.58,25.01,467.54
290.66,6767.41,81.77,246.27
289.81,13187.38,74.81,365.7
258.84,9839.86,17.75,282.65
102.45,8455.06,51.74,541.66
127.83,2615.52,25.66,397.61
258.32,9478.93,40.37,310.29
108.74,2640.85,11.63,403.76
67.46,5720.89,46.03,553.28
175.9,2999.79,59.49,307.69
282.12,10689.03,65.76,314.45
214.89,3887.53,69.71,269.92
179.62,6486.03,85.27,386.48
47.21,13539.45,29.39,688.92
192.2,3860.43,20.84,281.32
297.22,8109.27,86.64,288.07
59.22,6869.8,24.1,542.3
165.13,1253.74,97.73,328.77
265.66,12098.61,85.83,376.33
227.42,1966.64,55.08,249.33
215.16,7639.57,98.33,405.43
216.7,8849.5,18.76,378.61
120.66,9797.97,37.28,539.73
102.21,10640.84,67.44,588.61
246.62,4545.81,41.5,217.9
246.83,1139.7,93.55,238.19
262.78,11128.21,15.91,321.15
275.71,8499.19,59.45,299.42
163.18,12705.65,63.18,562.13
160.42,12499.44,68.75,532.62
243.52,12806.57,33.01,428.11
201.99,7791.33,42.81,389.53
216.55,5670.8,85.93,366.11
242.82,12081.81,27.54,381.79
269.2,7318.12,84.42,259.05
114.64,3568.19,60.64,419.62
125.16,12969.64,78.6,615.12
46.31,13355.84,74.22,735.92
181.92,7528.34,28.68,384.16
30.06,2059.8,61.19,488.51
150.37,6429.57,88.1,456.5
171.94,12249.53,48.89,550.97
100.23,13624.84,96.99,679.93
185.43,3848.62,50.7,336.35
28.54,1937.63,22.85,518.82
30.46,13282.91,45.05,750.44
250.33,6451.67,95.65,320.0
120.85,8584.65,38.77,517.71
55.58,14552.92,88.13,745.5
166.23,1931.91,89.31,318.03
235.6,10076.45,41.52,363.91
80.43,2037.48,17.49,435.13
194.41,6256.56,75.21,364.8
43.9,12253.4,38.04,704.53
34.47,7068.61,80.46,638.68
168.78,14960.55,49.84,587.63
171.38,8826.83,53.67,471.96
198.48,5496.27,80.01,353.77
223.31,4081.56,44.41,242.72
293.24,5907.29,49.88,196.33
164.56,6215.47,43.86,400.27
110.43,1961.99,43.06,358.41
242.65,6174.04,57.34,315.94
95.83,7499.34,82.79,550.48
142.91,11118.33,42.56,536.91
41.97,10194.21,57.18,696.83
27.1,10922.72,70.37,700.39
289.54,1117.09,34.25,116.64
254.07,4047.34,34.98,215.13
214.87,10263.58,94.01,426.28
134.51,7775.85,75.12,475.87
68.52,1074.39,61.95,482.99
63.8,12262.92,68.29,676.19
90.07,11819.33,12.64,621.59
173.78,8677.87,65.63,408.2
220.09,1930.49,55.86,260.01
204.86,11731.21,59.12,477.94
98.38,9171.99,42.35,558.99
287.36,11947.44,17.33,312.03
226.61,11524.46,27.4,412.27
175.22,12242.03,95.57,575.57
191.28,8252.11,46.78,366.25
137.49,2964.54,52.0,394.7
89.36,10396.2,14.74,563.02
119.67,9686.63,13.38,520.52
232.2,11391.54,74.55,411.85
24.03,3378.33,58.43,552.17
52.5,3729.65,55.78,523.53
32.88,13465.73,31.88,713.25
31.4,11499.69,77.03,741.99
259.53,13715.2,25.14,361.7
217.02,11622.01,27.09,431.25
152.77,9360.17,51.46,477.25
47.39,10157.86,35.77,626.53
157.65,13447.79,32.27,552.66
152.57,9103.29,68.07,456.1
68.5,9853.48,68.59,629.41
141.48,3190.67,84.21,365.24
131.58,7634.9,47.59,488.35
192.44,11029.56,16.58,421.74
197.83,4793.2,34.63,307.42
32.69,3831.56,98.2,582.58
124.89,5393.58,63.66,436.92
195.24,4381.01,73.88,330.54
160.88,4008.78,10.66,313.91
259.82,6947.91,56.64,290.17
204.43,13709.74,13.38,509.53
65.62,8098.84,61.23,650.0
39.76,3630.89,92.87,561.24
199.88,2077.6,97.16,306.08
27.42,10746.19,58.65,667.5
184.02,6359.18,51.24,406.83
283.26,12505.63,95.05,388.27
181.13,10233.15,70.62,458.6
128.69,12147.38,15.84,582.58
200.12,4807.24,51.92,316.83
148.31,10693.02,31.62,498.04
172.77,4696.87,52.28,370.43
283.61,14146.96,50.99,361.75
128.11,9909.24,62.39,557.65
289.13,5543.17,42.11,177.1
273.5,4773.17,24.78,176.61
74.82,3672.97,55.33,470.7
39.42,10724.97,84.72,712.92
48.22,4062.02,69.76,531.46
25.1,9334.25,40.45,642.3
46.44,4704.89,94.2,559.42
211.24,10267.57,92.1,433.9
39.93,12409.16,28.84,679.09
109.31,11892.35,13.55,557.62
256.57,11651.92,76.72,428.78
26.52,3628.11,84.48,557.82
248.05,2237.39,97.11,214.76
98.92,10785.28,90.09,605.02
53.09,6156.86,64.05,567.1
215.09,7052.85,57.7,359.71
196.1,1436.09,12.51,259.78
265.69,4634.07,32.2,204.12
225.82,1471.47,51.37,191.65
244.97,13308.6,66.57,457.48
98.97,4407.55,60.15,467.87
69.68,8802.72,76.84,644.55
230.17,1545.71,35.18,158.33
245.91,10335.86,60.85,372.18
297.34,5522.38,17.93,211.77
135.53,13570.87,47.23,584.67
124.17,13433.65,77.51,616.67
237.4,5554.07,72.41,297.1
115.42,13613.45,99.16,637.53
280.61,14946.21,35.01,389.27
260.36,12555.82,54.84,381.25
140.12,12828.2,39.66,553.67
230.24,4486.12,49.65,293.76
231.27,9073.83,87.13,387.35
48.87,1941.58,71.58,506.32
272.71,2328.85,89.42,198.39
161.47,14984.5,28.32,566.35
251.41,5572.95,88.6,263.16
109.61,11474.57,15.38,560.71
270.75,12293.31,89.97,384.77
128.98,13012.33,39.62,565.41
23.03,14966.8,38.31,773.94
273.51,4380.95,56.09,195.08
45.56,1564.91,94.66,552.78
109.41,6756.68,14.3,422.7
286.02,2821.13,41.7,144.65
286.17,1313.96,87.09,175.08
180.56,6045.98,45.64,375.33
196.91,11972.34,27.92,473.11
145.56,8926.53,48.23,486.3
102.1,5378.89,44.7,463.43
112.03,10160.79,92.39,536.53
208.31,4248.25,78.57,315.9
230.66,1201.34,55.46,190.25
241.64,11700.95,98.95,405.03
241.09,9732.4,51.87,348.97
45.54,11672.24,15.24,707.66
158.44,1545.13,33.6,358.15
36.12,12719.67,49.25,729.19
173.87,9673.37,24.12,435.43
143.63,8887.53,95.28,486.4
268.56,9744.6,79.02,340.94
118.26,13102.07,34.15,637.39
52.78,9217.11,63.17,631.81
60.04,9133.31,74.93,582.49
233.22,14869.51,94.72,508.31
193.1,11594.22,89.35,506.61
48.31,7192.11,56.37,567.84
43.55,10903.56,79.72,696.14
216.27,6449.23,60.59,343.9
40.37,4204.26,59.74,551.93
250.12,9355.93,20.33,306.29
217.75,13994.55,21.35,484.26
42.78,14007.95,57.66,736.75
43.75,5786.67,34.2,537.5
296.26,8387.48,11.89,188.32
124.8,3962.9,75.06,454.81
123.78,14938.84,12.92,631.9
247.58,14735.65,63.57,456.88
285.23,10093.13,58.53,294.48
296.08,12261.8,97.19,339.13
230.95,11011.4,53.58,379.08
125.35,9304.22,15.72,497.29
43.38,1746.87,59.65,457.29
237.6,7366.7,85.7,319.06
176.35,10447.01,99.72,488.05
138.78,10485.44,48.73,538.1
273.78,6223.72,38.83,232.42
51.14,14183.69,91.6,768.67
157.94,3343.0,27.21,370.55
23.18,8005.03,65.39,679.19
151.22,10672.38,46.51,519.28
35.76,10759.9,13.7,668.64
53.27,10080.95,41.26,622.73
52.91,4854.03,33.87,549.45
201.78,3186.89,71.75,330.54
228.89,9903.16,95.39,409.26
183.34,9390.23,34.12,468.2
289.41,3510.98,83.03,147.11
124.96,10871.95,14.98,514.4
100.0,7372.41,58.43,543.77
263.21,10348.65,16.35,325.62
82.61,12723.14,94.06,703.86
289.7,3376.2,78.97,172.15
23.4,1268.03,69.22,507.5
291.57,11907.44,84.15,338.6
32.08,9535.76,68.28,646.07
269.52,10794.95,97.2,337.65
167.76,12734.17,74.26,559.63
298.03,12239.35,93.22,361.81
40.66,14452.88,56.54,763.59
175.08,8503.09,20.54,383.29
291.4,7838.94,57.54,241.27
166.47,6626.42,21.42,369.04
196.23,3151.67,63.32,323.88
214.81,9016.5,53.42,373.15
147.27,4878.18,66.03,387.96
195.72,13898.31,10.9,490.44
183.61,9164.67,27.54,408.85
272.32,9299.76,54.22,334.29
32.72,5968.95,95.55,603.37
98.67,1727.85,44.52,380.83
286.12,1444.41,48.19,80.75
269.27,6926.69,74.32,271.17
147.58,2183.92,64.34,343.23
193.64,9495.86,36.9,389.34
97.67,13333.62,46.97,667.44
72.67,13360.81,29.59,686.35
149.84,10226.64,96.94,527.69
118.94,3957.25,21.76,438.9
183.42,13081.96,43.47,521.49
41.77,13405.31,12.33,695.16
292.83,3753.15,29.96,130.01
296.14,11323.97,80.24,338.75
215.49,5011.27,28.11,298.98
170.11,12236.96,17.21,501.58
106.67,14961.33,52.7,648.65
247.86,1420.36,10.9,174.22
211.72,13563.12,17.63,447.38
65.53,9716.83,82.69,635.34
275.06,14627.36,79.43,448.61
250.31,7510.13,92.36,307.7
285.94,12863.43,86.91,340.35
223.2,1873.52,71.49,217.36
191.76,5693.91,14.71,353.48
137.11,1938.23,80.46,378.43
281.16,14654.8,86.1,411.82
262.5,12437.63,81.92,385.78
32.66,12935.66,55.76,747.31
27.38,14131.51,30.96,740.05
125.41,2191.45,86.08,404.87
246.95,6398.37,75.44,280.63
296.44,1994.49,98.27,126.41
62.12,3951.1,24.01,485.1
186.36,4211.12,30.31,312.33
126.65,7567.5,29.06,474.93
291.58,4759.87,81.33,203.21
255.79,2413.69,26.82,104.23
254.73,3344.88,16.0,176.65
151.23,3061.86,99.87,376.49
136.15,14623.08,12.23,624.46
96.55,11630.1,85.17,608.76
35.79,14548.66,42.88,761.99
262.12,7156.37,85.75,322.72
247.61,4897.16,59.92,230.22
299.92,12176.1,91.15,347.09
299.06,5567.55,93.36,193.4
175.52,5191.37,10.82,335.86
235.32,4255.08,16.79,224.46
284.53,2815.51,32.53,131.14
257.9,4590.48,70.24,294.52
89.26,5974.48,89.94,547.46
146.15,10435.92,51.39,537.22
56.16,1875.91,64.63,495.42
287.13,3947.1,26.96,129.6
189.73,12326.33,82.45,511.06
84.02,3056.91,97.06,505.1
208.08,5797.03,34.17,303.85
193.08,13105.22,54.53,519.06
120.29,3168.95,17.75,405.91
51.8,2158.32,60.32,532.67
208.04,7783.53,55.25,362.88
165.69,5233.87,23.0,345.7
236.25,8887.72,49.79,341.04
165.65,12253.27,40.07,545.34
258.61,2920.08,56.96,162.4
174.53,9129.79,62.71,410.78
177.06,8077.12,10.76,403.12
265.46,3017.1,78.49,192.54
132.98,9735.98,74.17,532.5
57.52,4830.97,42.97,550.72
28.06,7829.68,14.76,610.84
231.44,2151.81,77.94,197.39
193.69,7434.18,95.97,447.03
217.14,5290.49,31.61,275.96
79.63,12513.34,39.12,629.2
58.18,1797.7,26.54,484.02
24.07,6860.5,61.92,624.37
118.16,7418.04,23.94,481.81
185.18,11150.09,42.06,475.92
129.83,9040.03,72.73,544.1
142.49,10340.97,60.41,516.62
273.16,11878.69,44.78,380.62
117.51,13070.84,47.82,566.34
163.92,5394.26,60.59,407.5
239.42,8532.32,10.53,299.99
131.03,12761.51,17.07,594.66
194.18,14852.32,89.31,553.27
261.46,13453.27,17.01,371.92
285.87,6200.54,73.61,245.28
61.18,3732.33,92.8,547.14
279.44,7851.5,34.36,267.88
157.79,11382.98,43.34,492.05
92.31,7895.97,61.2,540.38
148.56,7764.53,89.35,477.05
294.41,12735.23,94.77,359.65
157.93,6059.65,76.56,437.57
112.05,13037.13,17.8,561.27
197.35,6695.27,70.22,379.68
87.24,5595.26,46.93,498.71
41.24,7355.86,52.36,594.67
56.09,11674.26,14.42,641.72
55.85,2764.03,27.2,480.81
62.53,3749.87,81.15,449.75
58.87,14320.23,50.86,709.5
199.44,3456.88,37.15,271.03
70.93,8948.18,44.56,605.51
116.79,9110.4,86.9,534.37
271.1,7854.74,77.41,284.85
152.71,10026.43,34.51,519.56
206.92,4217.57,20.58,304.15
68.25,8737.27,32.68,606.76
73.84,6210.43,92.87,549.88
31.44,10263.34,62.34,700.13
67.3,2977.13,58.01,482.92
98.01,8992.28,63.68,560.75
69.56,3593.78,42.94,497.2
44.84,4901.0,82.64,560.14
53.78,4061.94,57.1,558.98
149.02,3559.73,20.51,354.72
77.77,12559.95,21.62,657.71
122.0,4999.91,58.32,475.28
160.96,13979.73,94.29,605.94
213.31,14578.97,37.75,462.31
31.01,8997.65,88.26,686.47
243.83,3002.02,78.77,250.69
195.81,6243.68,32.3,365.14
42.89,12168.25,13.27,663.4
264.6,6143.47,19.17,222.41
277.84,2218.24,75.56,185.27
37.1,8794.99,27.97,619.0
97.53,12831.69,43.41,626.06
245.74,12142.97,55.15,433.35
229.51,3451.72,75.29,261.46
71.67,10418.7,20.19,596.44
78.62,4087.06,46.57,469.55
123.73,4054.91,53.66,428.98
155.67,13237.0,58.67,533.91
193.11,4495.37,83.65,337.12
123.3,4685.46,25.45,428.16
149.51,1009.15,82.7,363.25
229.29,13189.37,72.36,469.38
30.27,12096.33,60.03,712.25
90.68,9782.61,72.96,619.68
219.74,11503.72,47.08,418.02
270.66,3128.68,22.46,143.1
163.27,7416.53,69.92,434.94
168.99,5917.07,57.22,422.23
50.01,2312.87,67.54,508.32
145.28,7805.83,40.42,458.66
169.13,13890.36,91.62,602.66
87.89,1560.83,62.86,402.18
95.39,5080.45,17.69,441.66
125.64,3905.57,50.48,382.58
25.62,4334.05,78.07,594.74
110.18,13718.08,81.47,653.15
79.21,7552.97,54.51,590.36
111.7,7528.19,90.53,533.15
53.53,11648.06,34.09,661.62
269.35,3162.89,46.95,182.75
186.21,7821.71,90.87,424.92
210.15,7019.79,90.66,337.07
240.97,9356.75,71.71,415.75
159.56,14993.81,87.31,614.58
44.34,11772.28,17.99,682.13
170.39,6570.12,87.85,432.05
184.32,12585.74,38.86,508.86
228.72,3389.92,26.05,234.93
140.86,1426.49,31.54,320.38
55.72,3862.28,47.62,529.46
99.46,5765.76,32.61,490.15
121.66,8148.13,38.85,483.7
200.86,9611.81,22.15,430.41
179.82,13748.48,36.66,529.44
119.71,8137.96,61.51,528.55
296.22,8017.86,49.77,268.74
189.62,1703.4,41.2,270.68
86.42,1488.76,77.18,445.07
48.5,8716.24,90.42,662.98
62.8,7134.5,78.11,573.05
88.87,12748.53,39.88,642.69
64.99,3249.51,77.0,508.51
72.24,1349.6,23.68,411.35
99.83,7286.54,21.73,553.21
68.54,4324.7,41.11,476.08
271.09,1694.6,82.69,142.64
42.47,11144.38,32.17,701.56
166.86,2562.3,15.69,323.06
134.91,9516.47,21.85,478.37
295.07,4934.7,87.29,211.88
51.37,3428.94,67.04,554.4
131.4,6316.52,32.79,445.02
291.45,12220.24,59.98,389.19
262.34,6489.31,57.48,230.53
248.78,11510.78,68.99,405.42
92.21,2756.81,30.99,455.64
67.85,11818.8,87.8,696.33
207.22,4317.07,37.84,290.35
280.23,10483.5,72.47,319.76
175.89,8920.94,11.45,429.19
180.05,14008.03,43.54,548.17
98.39,6422.52,41.65,513.74
235.46,1926.31,58.91,235.6
72.37,1268.18,16.55,404.7
110.63,12576.02,81.11,621.58
139.12,8346.3,29.6,454.24
162.13,11853.42,70.93,521.62
87.87,4281.96,82.29,515.28
52.15,5831.17,60.57,570.84
190.97,1421.45,76.68,332.45
100.82,14460.89,69.57,676.64
182.75,10350.15,42.0,455.08
63.22,14064.87,82.8,729.99
154.72,4716.95,36.52,367.77
169.13,9560.49,61.41,467.07
34.51,10499.0,77.09,719.31
114.25,5445.7,44.11,461.87
57.64,12873.53,37.25,673.77
37.74,14260.26,51.34,735.76
297.19,13387.97,83.62,354.78
110.26,11346.94,93.69,609.87
246.76,4884.51,59.06,280.94
91.3,4942.62,69.53,469.86
210.82,14487.04,91.29,512.76
232.86,1143.98,18.87,185.9
186.78,11024.7,30.89,419.1
152.04,10887.45,73.8,509.92
135.32,9717.65,84.14,519.85
117.68,14861.52,87.13,648.35
280.27,5366.31,47.36,214.44
252.57,5759.61,18.04,242.14
290.21,2105.15,49.4,120.39
54.8,7199.17,30.77,585.72
224.64,4654.68,36.21,308.69
282.74,5807.41,79.5,264.58
70.75,12684.01,16.8,617.51
38.62,14096.78,84.48,777.79
227.51,3600.26,48.49,251.42
180.85,6215.13,63.65,387.95
255.71,14000.83,18.07,397.52
59.14,1865.32,40.36,471.13
242.67,2293.05,18.07,193.91
76.46,3279.07,96.54,487.59
65.82,9332.98,82.65,611.32
65.99,3106.61,51.37,479.85
248.08,14553.07,30.12,438.69
206.26,7254.0,94.01,394.68
166.46,8021.25,41.01,448.31
120.47,4453.22,24.49,410.72
265.62,7593.44,60.68,289.46
129.88,10266.79,94.94,577.23
248.65,11516.48,10.34,385.84
142.96,11554.15,31.43,531.19
125.54,9090.48,94.46,536.3
149.55,13661.04,25.4,565.42
104.39,12443.71,20.19,579.4
229.33,11598.67,61.32,414.76
160.76,1778.48,87.57,353.1
85.02,1096.29,52.94,433.71
271.88,3974.26,99.51,216.01
127.49,10289.33,71.13,554.47
172.19,6756.76,16.67,368.68
273.81,6633.69,99.35,285.7
194.79,13384.22,46.71,497.3
52.73,13537.88,35.87,704.07
283.15,13728.45,60.21,372.71
195.76,5394.29,37.39,331.68
113.77,10674.78,17.78,542.77
59.0,4802.86,10.13,525.79
242.33,3668.54,50.46,227.21
193.62,3584.85,85.32,355.78
169.37,5789.51,61.51,421.79
270.29,7019.41,99.93,267.09
240.81,12633.29,35.82,410.76
62.47,2678.48,35.24,464.47
107.28,11288.96,24.38,570.51
89.58,8440.37,24.77,586.87
228.3,5031.23,35.67,269.85
29.39,7899.47,81.36,661.79
179.57,5199.19,91.52,391.22
233.49,9345.15,97.76,365.54
265.49,7073.81,30.91,241.59
115.78,3301.68,89.32,412.9
249.95,2632.16,39.54,179.77
50.98,8653.74,20.16,549.69
257.01,13633.78,88.3,442.21
55.7,5815.41,67.25,607.47
131.24,11262.0,24.83,543.75
243.24,10221.26,48.68,335.58
61.98,14041.77,35.85,692.94
84.19,12493.73,76.31,652.57
222.23,8932.47,50.81,350.36
221.61,10198.43,99.04,438.27
199.52,13577.41,14.93,495.93
214.31,6593.26,41.95,308.27
171.96,5575.13,53.37,394.75
90.5,1151.36,55.28,445.45
116.79,12571.72,38.43,633.51
70.85,12213.73,75.63,733.12
274.37,2462.36,88.73,164.02
183.35,9076.0,94.48,510.22
132.24,7495.74,82.46,485.7
149.36,2661.93,86.55,360.62
285.24,14727.96,59.55,403.02
62.94,4005.74,84.33,516.23
184.14,1941.28,37.32,289.25
161.65,9327.86,45.86,440.61
191.21,11344.13,38.52,454.56
25.07,1454.21,52.06,543.22
264.19,10222.05,35.7,324.86
280.99,8452.09,96.55,298.66
178.24,2445.71,38.16,310.14
215.06,3415.33,18.82,278.54
278.3,8951.64,57.41,257.19
218.03,5149.01,15.14,295.2
62.71,14136.42,19.95,693.27
181.36,12462.36,29.75,495.41
189.88,14769.94,51.79,557.67
138.76,4635.39,48.99,385.19
226.2,14576.13,81.97,472.95
281.62,7037.27,76.55,217.88
279.16,5865.26,48.37,211.77
146.24,1704.89,40.03,361.37
51.71,1738.71,38.48,474.04
295.76,10688.16,79.66,283.16
254.89,7411.01,14.69,263.51
54.91,4171.3,11.15,476.89
277.84,9595.58,81.6,293.45
263.57,4540.01,52.94,229.69
165.27,9086.84,21.78,421.24
185.56,6028.92,31.2,380.1
131.72,12529.73,93.93,598.55
35.33,12489.75,87.36,742.18
113.86,7682.91,73.88,514.25
244.8,5911.47,53.4,293.19
21.3,6075.84,56.83,633.65
113.38,12280.0,97.77,631.12
131.49,5594.51,96.92,474.41
170.47,3926.83,29.37,333.28
277.56,2185.64,83.0,179.72
116.98,7533.7,27.75,482.33
117.15,7749.85,29.22,493.93
226.5,12772.72,70.85,445.64
146.62,4097.34,46.45,376.1
82.89,6333.88,93.84,535.48
146.68,12317.68,18.01,544.69
59.44,12530.73,56.04,715.69
69.39,6384.56,92.67,593.36
159.54,7427.74,91.37,429.79
137.3,5246.0,24.09,436.8
276.16,14055.77,43.0,382.02
121.47,2661.01,65.72,415.89
182.56,14072.49,24.35,501.65
197.03,10574.13,97.12,467.33
23.67,8442.01,92.33,685.78
205.79,1457.23,25.03,203.28
69.85,7658.35,20.9,571.01
289.1,6708.47,17.69,236.28
61.63,3257.06,91.85,515.13
136.09,10189.73,27.43,540.57
43.9,14596.11,47.47,746.01
299.12,8870.64,50.4,270.92
160.61,11006.55,63.91,466.79
186.71,1958.31,16.46,315.71
38.78,6847.34,30.41,623.89
229.99,2629.02,93.83,248.82
78.77,9579.14,91.76,579.86
271.46,14138.75,80.32,421.51
77.44,10264.89,11.75,566.13
73.39,2075.24,39.43,460.03
30.23,5965.33,66.52,615.45
152.18,8709.29,34.77,444.47
178.16,6644.91,91.86,434.02
38.4,12671.02,67.05,745.46
237.15,12405.39,16.47,420.14
146.92,9565.63,91.81,517.01
166.83,6228.41,96.2,394.11
143.41,4574.71,16.99,404.43
132.21,2482.24,57.91,374.87
176.7,5968.57,37.3,345.18
63.47,6784.42,45.36,590.21
70.94,10461.52,26.17,657.89
261.3,10214.24,62.03,342.52
284.91,1981.51,96.22,203.55
124.53,6533.63,55.28,473.35
95.81,3544.9,17.46,428.31
200.32,3195.38,65.8,283.72
134.45,12582.23,40.62,603.03
27.11,1586.81,87.03,518.99
63.72,6868.56,49.12,581.05
220.47,3354.85,27.36,238.88
204.5,13310.62,27.2,463.86
27.59,8798.57,79.19,694.79
82.15,4239.33,33.9,470.91
84.7,8033.98,79.05,565.06
208.13,11240.81,28.53,449.54
25.52,14413.65,38.95,801.42
49.15,4086.24,51.89,546.84
243.98,13406.54,94.89,436.51
69.99,14080.26,93.86,713.33
202.77,13829.89,28.62,488.35
86.69,9895.8,42.24,595.42
47.84,9817.49,23.45,616.55
88.09,6644.95,55.9,543.18
222.23,11533.57,51.45,424.76
259.6,8438.12,91.07,290.59
252.46,10484.13,93.7,359.26
131.21,6998.41,44.52,455.33
207.06,11240.95,54.26,439.89
77.4,12542.6,90.66,717.87
102.08,3050.11,82.6,453.95
270.97,12661.02,10.33,335.11
23.64,8564.15,38.81,659.64
43.94,12825.32,47.96,707.53
78.21,7038.22,30.67,545.28
27.43,6306.57,27.96,610.58
70.8,13810.85,13.4,700.9
183.25,4516.37,67.9,348.92
138.0,12818.97,33.63,598.97
269.95,7776.29,14.71,276.12
248.88,8197.34,30.79,291.87
115.71,5318.56,82.17,518.09
92.64,9022.59,86.63,591.35
126.31,5552.96,53.48,431.62
185.28,1549.77,47.45,309.85
95.06,4807.98,98.01,544.13
194.76,1089.31,28.05,243.01
134.64,14696.97,29.38,596.6
174.57,14520.46,36.27,543.24
142.12,6532.17,25.55,444.54
102.45,11197.19,44.14,617.9
285.57,5841.29,91.98,245.87
233.81,10395.3,65.38,391.92
59.23,12276.02,47.08,710.17
263.17,14254.59,94.1,431.13
156.48,6602.97,14.36,425.14
270.47,11966.17,28.92,342.31
243.96,4723.0,60.93,267.61
139.06,14864.65,65.4,619.13
26.29,1360.77,13.56,493.44
95.23,9449.4,46.27,561.73
171.66,10233.08,68.42,508.28
197.37,10632.64,72.83,438.35
92.21,2685.43,67.43,434.31
59.02,14139.42,38.85,756.1
253.78,3536.57,18.42,218.83
295.63,9718.55,48.44,227.44
167.19,4117.47,21.59,331.05
68.07,5301.03,95.29,515.32
96.25,8650.42,52.77,536.01
25.15,6840.71,38.55,555.6
276.0,3243.16,78.97,187.6
52.97,3393.11,54.82,492.98
181.42,6854.03,37.9,385.09
96.74,11601.96,83.08,595.97
175.17,13571.51,88.04,554.36
202.4,2177.79,70.57,266.95
252.33,6503.45,14.23,288.73
77.8,2403.44,60.97,490.08
23.08,1232.29,78.7,545.08
58.33,10264.06,22.29,622.4
272.01,9434.29,30.58,335.68
264.69,3282.27,89.42,182.26
187.28,4273.38,11.81,282.39
188.14,1331.91,77.75,281.62
206.21,12689.26,52.64,515.87
69.1,14645.67,50.21,710.32
276.04,2896.43,10.64,145.53
137.26,4240.65,83.75,391.96
127.28,13157.73,42.38,612.35
165.3,13970.49,58.67,579.86
33.15,6874.78,70.96,639.03
66.56,1708.71,73.24,458.37
226.65,1551.49,96.04,224.94
43.18,9035.3,57.82,618.98
188.88,6500.53,45.97,371.35
88.7,1401.13,95.83,421.28
129.0,9165.53,67.79,500.15
100.83,1158.24,36.83,381.86
119.59,12023.21,21.38,561.99
221.33,5290.06,85.83,305.96
103.19,1563.61,42.6,407.11
178.59,9236.93,69.44,453.15
153.29,6567.58,52.37,421.83
205.83,14633.21,27.9,501.53
282.31,8618.78,64.15,261.15
225.12,4853.35,15.46,269.22
80.18,10932.14,47.2,624.98
28.73,4800.89,59.2,552.46
93.43,13659.41,49.24,677.57
186.62,6246.11,77.38,366.05
34.4,8698.16,84.51,666.43
158.98,1708.02,79.41,358.68
187.12,6965.7,13.49,383.9
113.59,12653.09,27.47,597.1
235.86,12279.08,58.29,413.7
49.85,4140.46,94.13,574.06
41.04,4165.11,85.15,577.81
223.89,12442.27,85.83,443.55
158.74,14025.58,37.29,545.15
212.75,2335.05,48.65,210.45
141.75,7300.82,52.36,462.65
88.99,5724.36,24.16,491.43
249.35,13189.64,12.8,418.89
243.84,2169.35,95.22,232.42
214.52,3955.76,31.66,299.86
96.2,11534.56,31.6,588.24
185.26,1718.11,17.5,287.98
121.07,7895.5,93.57,512.51
45.64,7189.5,62.18,621.97
276.85,5681.62,70.03,204.2
58.31,6524.01,92.04,593.74
286.07,8419.17,41.11,220.14
144.88,3259.14,65.94,375.49
71.84,9007.94,13.49,587.96
171.73,12276.05,26.81,490.91
264.42,11642.25,84.81,357.61
225.02,3154.6,79.01,281.98
245.84,3089.49,41.56,211.74
204.46,4754.44,43.91,300.56
213.84,6055.05,58.02,330.19
257.77,6718.38,10.02,305.45
89.91,10515.76,31.71,614.38
157.04,1793.53,28.74,337.93
81.94,1485.42,32.54,431.78
296.55,6486.75,82.53,229.51
284.34,10760.29,35.17,258.36
31.04,3708.09,27.24,527.64
217.56,9981.06,55.38,391.36
279.07,4637.59,87.91,180.6
70.56,13405.21,31.72,654.97
179.02,13539.66,17.07,471.17
276.34,5162.02,42.08,209.01
29.5,4219.91,77.29,595.16
215.28,6758.26,59.56,364.17
103.26,4367.44,83.51,482.51
278.83,10413.37,96.36,318.93
291.9,12564.91,81.34,315.48
284.39,10423.29,64.34,278.91
152.78,12540.91,54.4,523.47
261.37,6557.89,13.61,228.13
256.47,3188.44,98.59,225.16
109.35,11331.31,44.51,564.58
252.1,6046.64,23.7,261.42
30.36,10397.79,70.0,692.77
186.96,4789.02,35.59,333.35
84.4,2137.21,62.72,470.31
53.76,14896.15,62.81,725.08
41.55,3186.82,50.12,534.85
214.96,14837.89,85.25,516.66
115.16,14681.92,33.85,631.14
222.93,12113.45,50.38,450.76
38.3,10231.92,58.39,693.97
108.28,9089.3,69.73,535.3
171.06,13125.42,80.56,542.56
241.4,5052.15,45.53,267.33
109.25,7547.54,68.14,515.69
195.25,9671.46,23.55,424.03
268.07,6756.67,93.94,285.62
192.44,6984.81,44.48,409.92
85.23,5623.99,75.66,491.86
26.83,8899.25,11.83,641.2
263.63,12908.04,28.47,358.78
25.96,3821.4,53.84,576.5
264.92,14082.06,89.04,396.44
168.1,10647.23,57.45,496.44
282.94,12525.82,93.69,360.35
243.66,8786.67,53.54,322.33
299.42,11913.23,54.14,287.27
118.2,1226.81,20.78,348.32
234.81,12457.33,82.24,459.74
132.54,1561.94,32.23,348.04
154.37,13458.79,90.97,595.66
195.7,14887.48,91.97,583.48
264.63,5116.94,94.9,258.12
295.54,3944.46,56.82,152.81
235.12,11715.09,70.94,426.44
136.97,4542.37,80.07,414.53
137.98,13117.87,21.79,556.19
226.52,2439.8,64.09,210.66
86.86,2763.37,13.09,450.05
50.93,14708.12,54.78,737.43
119.29,10433.74,23.94,545.34
100.43,12856.42,26.46,599.0
102.97,5540.61,42.85,486.51
85.41,10470.77,48.92,590.52
31.79,9319.39,66.09,668.92
25.0,9444.1,16.7,677.28
296.56,10555.45,55.33,309.75
139.78,9055.03,26.44,484.21
127.61,7006.87,61.66,444.19
210.3,4862.92,67.37,375.35
81.11,11760.14,60.1,678.51
285.99,4167.81,76.45,207.05
240.18,10692.96,40.2,358.63
45.04,4266.66,78.86,554.94
136.92,9754.62,48.95,503.31
266.15,11459.1,53.58,382.02
284.52,4061.99,68.33,193.87
150.87,1839.21,11.65,300.62
191.76,2833.63,68.86,294.05
66.77,9483.96,65.67,644.78
297.53,12892.25,37.89,362.5
84.87,1629.96,17.72,444.72
283.96,11278.12,18.18,323.85
201.9,5778.46,93.09,354.21
190.17,7699.4,72.04,339.93
163.55,14004.03,21.44,551.41
84.59,5647.6,42.11,507.09
69.43,7514.72,63.32,580.61
81.74,1191.55,85.2,444.91
72.2,2142.38,13.93,414.98
238.28,4620.28,31.3,261.78
118.04,1389.93,90.08,408.43
36.2,9839.25,10.82,661.55
291.35,6969.58,28.13,235.36
267.46,8674.03,96.31,332.53
279.77,3445.06,65.21,173.65
298.57,5143.05,33.55,170.36
68.69,10293.54,16.03,612.67
130.95,14514.24,12.54,602.29
232.31,1705.83,32.03,221.63
214.89,13465.38,89.33,504.52
63.09,9076.34,47.43,652.15
248.43,8894.87,74.83,386.79
82.84,8003.9,92.65,583.73
82.67,1971.52,46.72,362.06
170.35,2258.28,27.21,327.98
186.02,9412.77,56.54,426.68
182.42,5773.42,91.73,371.67
45.62,13841.75,82.39,741.64
265.69,6692.27,15.92,234.34
94.37,3005.94,72.33,466.98
56.26,11006.06,61.47,635.27
268.85,5106.95,91.67,223.15
287.58,8356.58,21.02,253.13
261.4,10769.66,58.06,364.79
246.66,13603.7,89.15,459.48
203.47,12090.68,46.9,444.32
174.24,10469.05,53.38,455.15
44.36,10514.86,16.34,641.8
134.37,14242.95,35.03,605.62
124.35,5141.54,39.21,465.61
92.73,1015.57,95.06,387.8
222.56,4807.36,35.44,275.62
158.85,4050.48,51.48,341.83
42.69,10265.68,70.42,643.44
81.65,9871.96,24.6,606.6
211.31,9308.46,53.78,406.98
41.32,1227.41,76.47,509.8
258.34,11202.89,88.02,398.98
158.64,5529.43,66.36,396.21
154.56,10310.78,70.21,500.82
185.87,8792.1,21.37,451.43
250.91,5798.23,95.12,282.23
117.39,2884.07,21.93,407.27
209.84,2321.86,79.72,271.66
178.4,12641.26,33.83,465.17
94.77,13857.57,94.02,641.12
266.02,10097.03,74.8,328.73
243.28,2448.08,77.84,244.09
204.37,6628.38,29.72,356.64
258.16,11205.15,49.87,380.08
262.84,11917.49,65.6,357.15
218.34,2655.06,79.3,297.56
254.36,1000.43,19.36,128.84
215.29,10969.92,96.61,449.02
210.44,5992.35,90.12,349.04
193.21,4562.74,34.33,315.13
230.76,1180.56,84.05,246.27
64.41,8564.19,56.65,588.89
266.64,12916.11,51.56,357.15
264.12,14406.84,38.3,411.51
28.19,8920.43,62.29,659.27
251.23,8202.46,75.69,392.6
56.08,2190.79,46.98,496.71
113.83,8684.22,66.63,528.06
228.18,6319.71,72.94,299.47
65.01,9499.89,74.0,591.87
249.03,6442.17,14.68,242.13
253.0,4364.19,87.38,253.77
162.09,2329.51,51.24,357.62
21.79,5408.86,33.62,614.74
100.37,2353.03,31.76,416.97
192.74,3476.56,53.47,300.69
294.73,14822.71,89.81,404.64
196.91,7217.45,44.05,360.64
92.75,8446.2,77.48,602.91
197.52,13230.66,18.71,473.9
171.2,14937.96,52.85,566.66
238.36,9158.0,99.25,330.93
49.95,12374.63,79.34,708.32
233.09,5577.17,28.95,293.12
171.55,5280.42,55.13,354.49
289.64,6637.85,31.03,198.8
115.72,10415.1,46.86,574.0
197.13,10550.68,80.21,425.88
280.97,5413.35,79.41,247.68
48.7,2864.94,30.53,488.87
282.42,9853.55,93.0,312.16
212.61,2796.56,63.33,246.21
38.99,9098.9,44.19,653.14
104.27,10707.91,55.17,634.54
218.29,10808.56,64.46,436.6
38.86,11548.61,60.39,685.59
183.01,13220.03,53.78,539.49
116.85,7999.43,55.44,506.11
193.86,11223.49,25.88,474.11
32.81,9668.42,83.15,701.86
264.03,3612.96,58.76,146.73
292.58,1359.66,21.8,79.14
291.29,4983.58,78.95,221.11
229.9,7202.47,93.92,349.19
56.42,9639.48,95.26,635.31
232.31,12899.43,43.21,418.45
26.88,3747.44,22.2,507.6
26.19,2757.7,56.66,542.42
110.61,14488.72,20.13,678.14
156.82,2512.62,94.06,378.15
235.71,7698.87,26.52,357.48
211.32,9197.89,32.75,401.0
144.85,8579.24,46.6,498.15
96.62,2204.45,44.48,460.89
299.19,1798.38,81.52,135.48
139.33,2476.77,51.07,362.33
146.39,9198.23,25.37,497.72
65.81,8620.83,34.05,619.8
242.55,4272.37,55.82,239.94
214.23,9928.84,23.27,374.43
81.82,12480.95,65.05,662.2
43.07,1582.11,60.92,514.13
210.54,7973.82,74.32,396.79
203.26,10650.35,94.39,426.83
96.51,4532.37,92.1,530.16
286.24,5308.79,95.15,211.56
62.3,9590.93,32.02,609.09
141.05,13571.09,21.84,552.71
284.21,12338.94,37.2,393.03
137.52,9163.82,90.56,527.11
198.79,11223.1,97.48,458.0
131.33,6107.51,87.34,486.11
96.78,9973.52,19.9,579.63
295.51,7526.54,95.27,251.14
134.61,3659.11,48.1,412.13
270.35,10824.34,10.84,299.88
84.39,8790.5,49.82,564.28
79.67,6020.7,14.15,467.78
28.72,13758.75,58.95,735.09
202.47,1293.08,40.47,278.55
123.19,5420.82,52.61,482.77
262.02,1796.34,65.19,176.8
152.5,11731.38,88.19,583.23
291.09,10829.5,69.57,311.53
71.95,5638.93,49.06,524.52
263.21,10459.28,83.75,357.37
237.45,6543.12,91.5,317.94
235.86,11587.55,20.78,384.05
256.54,7358.57,57.87,314.17
233.09,6771.92,35.61,306.61
195.34,14086.22,14.24,510.08
56.75,4512.31,70.17,560.84
29.11,2686.26,87.65,561.65
277.84,9183.6,24.66,259.84
192.66,14570.51,83.12,516.92
243.03,6289.75,86.81,307.63
154.83,1868.51,92.29,347.85
52.85,5750.27,33.88,554.42
55.05,8083.04,91.36,624.44
211.96,3266.92,38.86,318.5
140.49,10213.43,59.71,496.79
76.15,14968.49,14.55,652.62
157.65,7324.35,13.95,423.64
37.98,5966.2,74.83,592.24
182.95,6609.86,50.0,389.09
95.32,2612.05,33.07,437.47
243.32,13365.83,27.14,441.59
106.9,6807.56,70.3,480.8
147.46,6421.84,10.04,401.13
23.25,10235.66,82.53,719.67
40.29,7188.47,17.13,607.32
129.9,10075.27,27.23,564.14
154.38,1860.25,44.76,347.13
188.01,12392.13,53.64,491.52
101.67,14167.06,41.95,634.01
214.59,10082.72,38.86,387.91
260.83,14363.92,96.75,432.55
238.36,3120.05,67.74,251.84
31.09,7683.83,12.11,618.23
154.54,9425.29,48.72,454.58
49.38,9144.31,88.75,644.47
87.77,6620.46,37.13,536.87
296.27,5733.18,18.51,186.55
59.9,2775.54,78.25,516.16
159.69,6484.39,64.54,430.08
193.08,3277.25,61.33,339.11
216.69,11281.12,14.82,412.72
176.7,3923.63,22.64,317.02
22.74,1819.91,66.03,516.99
111.41,8733.13,28.7,526.89
164.96,9333.22,55.37,418.09
44.6,13206.78,59.04,723.07
118.18,9077.74,35.52,517.93
29.3,5836.73,95.36,593.18
42.0,12242.17,85.82,706.19
131.14,8563.9,75.01,528.27
57.16,2109.92,17.02,469.58
178.91,8921.91,19.55,421.88
213.05,13712.26,54.35,487.97
244.16,6548.38,24.46,278.81
76.04,5148.56,98.04,562.79
66.9,3008.57,24.27,474.43
49.28,3120.24,53.87,486.26
198.2,7058.8,42.77,397.86
217.81,9339.52,67.54,401.25
28.84,2128.62,21.61,498.33
282.14,14153.96,48.73,359.17
34.55,11571.87,34.72,704.89
171.56,9212.73,89.9,469.52
218.54,12598.14,13.65,462.47
263.87,2122.61,92.24,185.84
219.94,7675.74,84.97,349.34
244.48,9821.3,36.78,366.01
115.05,12601.14,81.04,638.48
248.15,11968.57,12.81,376.92
42.43,4878.97,97.02,595.97
270.55,14172.32,57.39,405.57
173.33,2740.84,37.3,318.15
248.84,13251.87,42.63,436.39
146.65,14593.16,15.98,592.38
200.2,3480.15,99.04,315.44
167.39,11108.92,13.54,504.9
224.85,1564.0,68.94,181.19
42.86,6675.92,49.85,635.2
36.9,8227.97,95.4,622.79
89.19,9129.03,32.14,552.33
64.67,14103.12,57.89,713.18
264.1,10411.51,53.41,335.86
81.38,7737.89,73.26,589.45
293.24,12335.45,16.12,293.75
114.33,14307.46,27.44,633.59
70.99,1308.93,29.31,422.78
241.12,14755.3,76.43,477.55
204.44,2205.85,27.02,249.68
159.49,12401.41,61.61,541.45
175.5,4924.69,29.37,338.93
221.38,2850.52,87.55,258.52
83.97,7157.98,94.8,570.35
298.97,10015.39,56.66,299.05
292.94,6333.33,41.71,196.14
202.09,1763.92,31.07,230.3
75.87,9392.46,14.48,593.55
210.46,13633.65,34.17,473.41
40.22,6365.02,68.88,618.03
28.58,4028.66,58.03,548.6
92.15,7196.08,94.96,517.59
149.53,1677.08,45.66,321.41
263.12,12486.83,72.45,375.96
223.61,12568.77,54.04,441.41
227.96,9232.01,56.13,358.03
139.14,5943.44,34.1,442.03
116.86,12196.97,50.95,588.36
123.89,8765.62,52.37,518.67
296.54,12563.05,73.6,346.4
31.23,9840.42,94.66,701.19
262.77,11981.68,39.64,364.82
182.03,9379.88,13.8,431.67
142.81,6797.97,54.67,433.16
223.07,14411.24,59.0,511.11
156.27,8575.59,25.16,444.96
264.56,9471.25,78.44,305.58
272.2,4086.83,98.64,226.53
138.08,9759.11,95.12,518.6
97.51,9002.51,27.74,560.96
185.86,3587.74,88.78,381.55
275.46,1834.22,73.4,144.46
78.99,9461.03,50.85,602.81
194.43,11691.69,58.65,436.41
196.84,8327.62,86.46,423.61
225.27,4174.82,53.21,254.48
56.84,10331.31,43.59,630.67
220.43,2121.48,54.39,216.95
274.53,7185.67,62.12,277.62
70.31,3287.13,27.02,493.93
86.51,3582.43,91.08,487.89
291.99,3832.12,70.68,156.71
70.67,6413.9,66.99,587.56
259.23,1716.1,18.95,139.95
157.84,6569.11,64.38,383.57
89.22,8163.9,20.89,549.05
263.81,7766.12,17.08,246.05
144.69,6358.98,57.46,458.65
164.15,12748.05,46.25,524.24
120.59,3034.57,62.99,423.38
186.03,8079.75,18.03,419.6
65.79,1868.58,48.79,438.91
129.5,1996.18,25.73,347.22
291.44,9034.12,98.84,291.44
92.28,8924.26,60.5,601.07
203.89,13292.47,71.87,482.79
111.05,8810.23,39.29,517.38
236.57,14437.07,18.53,452.71
56.64,1681.73,97.83,486.04
291.55,2372.11,35.76,131.05
147.06,1616.92,48.14,304.79
86.09,3593.88,68.49,521.27
40.58,8577.78,12.22,589.84
67.53,10038.01,82.92,634.49
165.54,1638.19,58.29,312.96
114.36,14243.59,35.04,669.1
252.09,12790.32,15.54,358.95
140.65,5152.57,24.62,444.07
89.64,2080.63,90.55,467.57
192.8,3378.42,71.74,322.58
217.9,2777.22,32.49,225.25
66.77,2725.97,15.9,473.74
66.93,8259.86,72.16,586.41
30.27,4441.86,61.52,599.53
226.19,6013.96,46.41,284.77
205.87,14853.07,42.73,507.36
152.9,10580.4,29.51,485.91
256.37,14285.73,70.27,416.55
245.59,2995.79,97.36,255.04
183.9,6349.95,25.81,374.77
263.12,8766.25,63.74,336.7
77.64,2074.61,48.18,413.53
51.34,1058.62,50.2,490.55
95.53,10386.08,32.87,630.97
35.98,9985.47,84.26,678.83
168.73,6751.04,53.67,446.67
282.25,7855.02,58.91,257.92
31.02,6816.2,37.43,581.07
54.19,1336.07,26.36,452.5
146.62,5695.2,17.73,423.81
281.49,3479.15,74.27,167.73
108.52,2377.94,27.66,386.6
162.03,14394.09,72.11,592.77
31.64,9391.04,45.13,662.99
61.54,11201.19,47.42,667.12
296.26,5415.09,52.23,194.79
290.23,6504.06,43.09,225.87
21.38,4316.94,19.06,555.15
286.51,2357.52,37.87,140.96
198.95,3506.44,69.74,288.02
263.02,12165.2,69.92,409.51
147.33,10485.64,35.76,493.92
164.37,8657.0,51.41,474.87
156.88,7651.26,27.41,426.74
206.72,13914.08,28.93,486.71
59.1,2018.29,12.07,447.85
28.39,4928.41,90.71,581.01
106.22,5899.13,28.96,438.24
217.31,11953.96,30.48,407.25
76.52,14895.2,35.16,694.23
208.56,4369.39,21.47,289.52
291.58,13240.3,67.53,381.42
46.29,12628.72,16.76,682.6
208.33,4145.2,22.08,263.81
144.25,6590.66,68.03,420.6
263.08,6735.42,40.57,269.97
69.6,14695.09,73.72,754.02
213.94,3532.49,60.17,305.16
254.67,12188.21,33.04,392.48
284.49,5678.7,68.57,233.89
211.31,11232.18,20.46,451.86
159.21,6880.15,58.28,434.57
193.0,9097.04,49.34,430.04
263.29,12656.56,34.11,368.83
179.77,12258.32,64.36,480.45
28.51,13129.92,88.42,750.37
280.67,1834.64,99.9,165.46
213.07,10688.71,64.7,427.74
209.42,2959.82,46.42,306.8
80.39,6821.46,30.27,532.61
204.49,8680.24,33.14,407.02
130.28,6638.35,53.15,455.22
202.35,8274.56,43.05,377.27
49.85,14951.37,92.24,743.8
204.2,2893.04,43.15,258.29
299.84,10456.38,43.61,291.72
33.5,6544.01,44.52,603.04
293.61,2862.14,85.3,178.34
133.93,3222.31,68.57,401.46
263.81,14289.82,65.28,415.67
239.07,13314.42,40.07,470.69
178.76,13698.59,83.61,545.75
226.77,14881.46,13.45,487.47
265.98,3916.42,88.37,215.51
133.16,5976.15,56.15,462.05
111.57,10369.07,45.84,581.51
206.93,7773.24,54.75,376.62
246.2,6857.45,70.07,255.8
233.44,6009.36,11.15,275.97
243.39,9312.93,88.44,390.01
141.96,9058.31,50.21,503.87
248.99,3260.41,40.87,221.07
53.66,7604.36,22.44,548.38
172.46,8748.6,49.55,426.65
21.61,8984.02,54.67,682.82
110.88,3941.5,46.33,443.88
122.61,11391.8,71.08,603.76
130.93,1352.79,47.88,351.71
214.73,5967.65,96.53,353.64
128.8,11922.98,63.93,577.56
145.63,8894.5,82.67,481.04
86.51,4656.27,19.84,428.16
124.51,10729.34,45.76,559.32
83.64,8943.47,40.32,577.05
40.49,12147.41,61.25,700.47
188.97,11290.35,87.5,453.73
207.1,9541.51,17.05,401.3
193.46,7834.49,16.53,369.45
149.78,2864.55,86.53,387.03
126.34,4658.66,29.16,455.52
261.73,6867.39,70.19,237.01
165.34,9390.19,58.86,455.23
154.17,8191.91,84.96,470.87
27.18,5034.58,21.26,599.65
115.55,1090.5,21.68,326.6
126.45,7947.35,60.11,538.04
131.67,4998.76,95.17,452.77
182.45,11284.52,47.35,473.77
169.41,1335.25,39.42,288.34
190.21,9187.59,64.6,422.01
234.17,14180.64,93.74,500.19
247.64,3441.73,85.32,218.67
221.07,7603.09,99.59,377.16
287.55,2279.91,12.03,112.61
25.11,9759.55,20.16,652.37
74.82,8707.44,64.85,646.07
22.12,6703.12,83.85,651.19
201.29,8299.28,35.67,394.15
271.45,13552.05,31.53,402.39
88.18,3748.12,80.83,454.69
279.57,1315.9,15.07,149.55
36.87,13063.31,43.24,677.4
281.64,9079.64,55.52,271.52
118.45,13469.22,60.43,612.74
48.4,9357.23,75.58,663.97
156.04,12342.26,41.94,538.12
91.9,7015.43,65.14,531.7
99.76,11498.04,62.68,611.42
106.04,13782.58,59.29,626.67
244.85,9009.72,67.64,316.8
170.97,3530.99,33.35,345.38
107.17,4763.17,17.62,457.2
190.89,3781.02,20.73,331.34
220.52,4456.0,30.21,257.64
96.33,5289.82,55.02,502.66
135.79,8771.87,85.64,508.89
54.13,9231.88,73.12,663.81
70.72,6971.0,81.01,594.28
210.71,9615.89,41.59,401.27
70.8,2142.05,46.42,453.06
167.05,2229.04,45.43,335.95
218.53,3405.61,27.27,266.89
49.93,8253.08,15.51,584.24
178.85,3995.93,63.18,316.68
91.84,4965.98,99.03,505.31
289.62,6604.38,25.01,240.47
155.39,12366.13,14.2,544.26
245.68,1194.07,80.16,173.2
174.06,10091.3,32.73,433.74
32.16,10364.27,84.67,726.88
197.28,12181.18,73.35,461.66
286.39,14058.54,95.11,409.32
188.45,1281.93,46.8,254.04
249.37,3152.97,69.58,256.13
267.58,13406.4,51.84,377.27
83.86,7419.26,66.75,578.84
79.37,8904.27,50.46,587.96
191.07,10282.38,26.98,437.57
135.09,10506.93,55.71,495.96
255.16,14044.37,57.57,382.87
272.01,14957.29,82.95,428.2
118.96,11082.2,76.2,586.24
86.32,5021.1,69.74,483.3
238.55,13316.53,20.2,396.84
96.95,1689.09,74.86,437.02
250.33,4235.13,55.03,247.98
138.65,13563.4,90.47,605.78
206.91,4586.68,92.79,343.36
46.75,4089.11,14.96,495.66
194.68,2933.75,83.86,301.46
146.49,13027.56,13.39,580.46
184.25,8000.82,43.05,406.53
67.04,10448.5,58.81,640.33
226.32,4346.93,23.33,305.24
261.58,11612.57,77.17,350.47
80.69,11640.08,10.75,633.08
46.8,5376.37,25.17,583.19
26.62,6749.56,62.27,619.7
199.75,3935.66,74.29,333.43
189.99,14671.85,92.5,535.07
173.08,10038.44,73.49,464.17
84.95,14083.61,70.46,697.18
129.45,5247.4,45.49,449.48
186.45,11946.47,10.12,486.73
159.09,11722.02,20.81,537.6
296.58,10683.18,58.11,296.5
58.2,14518.95,70.76,762.33
214.64,6509.77,47.57,325.17
133.21,2830.04,75.76,412.71
139.9,10403.92,56.97,530.87
220.93,11210.34,16.68,410.07
213.88,9050.85,27.28,382.3
297.55,3895.45,85.6,142.29
55.95,8062.38,75.24,592.46
49.15,5370.66,90.53,581.0
222.81,6984.53,20.58,282.01
181.95,10033.06,99.12,493.92
96.76,11433.01,28.85,615.37
42.24,4251.15,11.06,533.74
43.98,6674.56,99.77,594.98
270.37,4768.26,35.3,235.06
73.72,3780.84,70.12,540.84
110.54,11967.42,25.9,589.42
83.46,13729.54,62.22,690.72
119.4,6183.25,91.36,494.28
39.44,11517.9,38.82,701.22
165.34,13557.93,70.32,555.92
38.93,12845.74,26.91,711.28
244.1,3559.39,66.23,256.27
85.44,14388.09,40.28,726.66
171.2,6273.47,29.01,355.17
266.42,5749.37,38.19,232.37
202.25,1874.04,26.1,223.55
169.23,7806.43,91.17,479.71
110.81,2526.19,45.75,395.42
113.24,4479.56,32.08,406.9
207.46,5437.2,50.36,335.5
298.36,12323.57,38.85,353.24
205.31,13256.84,77.0,508.94
176.18,5234.53,97.41,393.22
224.58,13021.77,49.42,456.46
150.26,13001.23,87.49,606.68
36.84,11705.11,60.93,691.82
177.44,3053.73,24.15,304.75
288.14,10664.52,72.16,308.11
69.08,14230.34,56.21,685.73
213.2,10555.57,68.55,419.02
76.26,5642.64,90.07,565.65
170.03,8008.11,49.64,441.27
47.07,10040.15,91.11,688.64
146.1,8147.99,77.56,485.51
231.73,2679.34,53.97,243.45
117.32,5368.9,64.29,447.53
206.18,12233.54,39.3,448.87
242.73,13059.85,98.52,450.21
279.61,2922.2,70.06,179.61
85.7,14333.41,13.95,671.5
131.81,5603.52,39.4,431.29
62.68,10272.39,66.1,636.93
297.9,11525.55,15.07,354.36
279.56,12367.25,12.15,352.22
171.19,14240.5,50.5,561.54
255.77,5380.87,39.94,239.27
165.87,13019.09,49.45,527.28
194.6,2843.62,33.64,279.17
44.95,10870.57,24.82,668.25
231.48,11387.69,72.02,378.94
55.76,10488.13,56.31,622.89
251.3,4532.41,28.01,214.97
238.97,13222.6,38.76,429.52
218.45,3364.02,63.26,266.45
30.12,1750.89,16.5,527.64
104.88,11044.51,23.27,545.56
93.67,7656.66,16.59,505.9
120.84,12887.37,83.11,648.45
44.54,6367.56,77.72,602.02
282.35,3355.9,77.8,200.19
175.06,12710.19,74.47,569.87
105.55,8684.73,70.24,536.62
131.15,3648.74,52.93,400.72
145.22,11085.38,67.81,532.34
188.17,8155.59,13.45,348.5
164.39,9460.38,65.93,469.38
277.43,7452.58,80.01,290.53
159.15,12601.93,55.03,551.64
297.8,12613.88,42.18,339.04
258.4,10931.44,34.97,341.0
78.38,2475.62,67.85,452.74
280.57,12743.95,72.35,395.59
52.58,10394.18,88.39,663.26
248.89,10758.34,40.81,368.12
126.57,6081.76,79.28,474.68
265.83,13309.91,60.52,426.94
263.06,11155.2,89.46,392.68
245.66,2576.27,57.5,185.88
241.21,6708.89,56.59,276.91
105.31,13409.33,62.01,652.8
42.66,1660.75,77.44,506.66
132.83,14459.83,96.82,629.25
68.59,10508.28,16.62,635.91
214.59,9839.26,14.81,386.06
116.91,4787.83,94.38,468.63
293.17,4483.09,57.69,194.35
199.47,14188.82,65.34,509.74
250.29,5175.81,53.42,286.15
57.11,11857.07,18.43,644.93
261.36,6503.71,79.13,290.73
278.37,2949.56,77.25,208.73
156.38,1150.01,38.05,279.92
189.75,8619.6,37.56,399.68
234.15,14660.9,85.41,507.54
68.95,6167.91,16.51,551.33
160.72,6000.69,89.3,420.16
131.63,5817.28,33.1,420.76
60.98,8287.61,63.37,625.08
122.91,7169.31,94.24,529.81
39.09,13318.8,71.03,719.97
27.23,8077.29,47.3,620.28
57.85,8108.61,72.06,615.94
289.67,2937.2,40.96,157.3
173.87,14758.35,34.95,545.86
290.43,4499.62,99.7,217.78
141.1,2027.1,77.57,353.48
107.31,10284.05,68.02,536.44
161.72,9335.13,41.98,456.63
143.06,6812.04,14.42,430.12
49.59,6910.69,12.8,564.72
199.43,11990.89,59.88,447.44
80.49,3739.98,78.58,457.04
193.48,12483.55,58.36,478.34
202.06,10082.46,85.67,459.35
62.57,6865.58,13.01,575.09
37.18,7412.4,43.01,637.74
238.61,4593.06,31.34,233.29
148.74,11529.6,50.25,509.53
36.29,8180.25,16.51,627.37
298.56,5491.96,95.87,222.63
36.18,9344.7,30.09,655.68
214.61,14940.28,93.01,483.11
295.43,7093.67,48.33,205.56
86.97,13889.68,98.7,696.09
59.83,5830.24,59.87,566.54
53.99,1766.26,93.77,516.58
104.92,3859.39,10.48,427.94
48.29,6861.73,77.34,610.08
213.81,4074.89,91.27,308.12
37.44,1003.18,22.57,488.9
162.64,13810.02,18.65,547.83
299.08,12814.31,48.21,333.09
247.91,11392.09,94.03,397.62
192.26,3349.4,58.81,309.63
105.75,2685.09,57.47,433.5
194.69,1946.47,22.7,263.59
167.57,11136.41,10.07,484.02
139.3,14003.31,82.91,639.42
56.6,7027.5,17.88,569.9
268.25,2667.97,67.05,171.53
145.94,8173.5,92.32,508.39
74.49,5883.65,28.78,493.0
122.97,6247.55,69.87,453.8
135.96,9698.63,17.08,505.3
251.71,11062.05,64.34,386.17
225.41,2548.45,24.75,200.33
235.41,1498.26,76.24,207.32
23.09,14920.62,37.11,770.21
136.52,4258.2,51.71,396.5
154.78,1753.63,63.95,353.75
25.37,3658.25,25.41,561.94
92.75,1545.41,76.75,429.78
232.88,6485.35,37.24,288.08
58.39,12233.62,69.61,664.9
169.89,5777.42,24.25,401.24
80.26,7218.57,71.93,571.79
23.39,10458.21,21.54,670.71
87.54,8124.52,48.28,569.72
293.24,13060.24,32.25,336.06
244.43,13124.5,77.35,428.78
288.68,1138.75,33.58,115.25
156.6,11892.65,89.35,532.8
50.73,7450.27,90.26,611.17
173.43,14843.77,27.68,553.0
147.23,7765.25,65.25,457.1
256.42,14816.54,17.89,434.03
47.46,11563.97,45.24,720.09
156.71,4480.47,74.2,376.56
62.01,8537.53,69.35,579.1
110.91,14889.9,66.22,624.51
226.46,13005.43,35.43,435.12
153.29,2363.14,44.02,326.08
125.25,10889.21,19.27,543.7
130.45,5838.11,74.71,461.09
148.65,1097.75,55.35,294.6
239.8,6648.73,73.79,273.86
269.78,4286.56,32.4,203.18
287.49,12464.17,39.2,340.35
240.33,5722.63,40.08,265.48
108.31,12585.33,12.32,562.25
212.68,1008.37,40.69,230.93
142.53,5309.47,82.3,458.98
91.31,4376.31,90.76,501.5
255.44,4269.94,56.64,213.6
30.76,1954.61,51.0,519.34
272.49,3619.74,12.77,142.72
149.21,8777.69,89.13,517.46
198.42,5079.06,11.17,311.18
204.62,6843.53,95.03,342.09
270.63,6276.14,54.03,240.57
198.27,13262.67,40.77,497.51
191.9,13674.19,93.18,525.56
38.66,7901.4,12.2,600.61
165.15,5622.18,62.33,371.39
62.05,2495.21,59.4,497.87
226.48,14347.64,29.74,449.13
163.42,1843.18,48.6,272.9
210.46,5167.1,68.7,314.57
31.67,5172.93,75.44,613.3
43.74,5485.62,10.06,541.39
220.57,3300.02,94.32,317.06
40.18,11964.26,24.81,699.99
39.95,2714.97,31.02,516.66
23.39,9888.69,33.71,676.98
287.82,2733.84,13.4,128.28
226.5,1987.5,21.07,205.27
118.91,13732.01,98.77,639.62
103.03,3661.8,38.37,448.49
117.92,12497.5,20.38,564.55
236.9,8624.83,19.63,305.44
205.18,2089.99,74.75,248.94
71.85,14376.27,86.91,764.11
68.75,4457.46,33.13,513.19
47.55,13035.03,11.88,701.41
204.88,3363.34,30.08,253.83
234.02,12955.2,15.09,428.08
94.21,1185.2,19.31,389.71
25.86,8164.93,48.84,653.2
43.01,11772.2,30.69,666.75
291.0,14087.14,56.44,376.66
102.72,13728.83,32.81,628.42
235.38,12474.75,94.65,428.43
194.91,13434.68,91.53,536.78
126.94,3789.08,61.01,385.12
77.59,4978.58,41.9,515.43
53.99,5045.56,44.3,555.77
192.2,6278.76,47.07,343.21
236.9,6506.49,75.48,296.12
200.29,8623.77,50.65,392.9
168.48,3238.32,87.11,361.23
31.75,10677.45,94.97,710.36
291.18,3345.93,40.24,158.94
243.64,5344.32,60.46,306.92
101.99,8046.83,18.56,507.07
294.39,12150.17,28.04,281.13
188.53,11352.57,47.21,484.39
183.08,10037.48,28.56,474.08
229.46,3180.83,88.89,271.73
247.3,8658.63,24.25,292.6
203.81,2224.25,51.01,261.79
55.87,6283.08,64.51,551.75
114.71,6789.23,72.27,512.7
279.86,1557.36,44.48,106.56
82.89,4835.83,88.22,510.48
124.21,14379.09,61.15,611.76
140.98,14350.86,49.56,602.86
143.03,5932.58,16.05,404.8
191.62,1603.4,51.82,274.08
284.06,3507.33,83.87,186.43
87.39,6491.05,65.31,511.65
54.02,14268.92,84.89,759.33
75.29,2976.79,54.46,472.85
268.34,11689.22,20.66,321.84
200.83,2521.56,11.23,299.62
100.05,14737.61,37.29,672.84
248.47,6342.63,72.82,287.5
261.18,11853.28,81.12,414.16
257.02,5796.28,36.62,285.53
277.3,9787.36,54.61,304.2
90.63,3688.23,47.9,468.72
231.41,3044.29,46.95,217.48
148.95,14132.9,30.82,571.7
255.76,13847.06,22.27,400.46
223.98,13424.57,27.7,450.07
237.41,9756.07,14.98,353.16
203.73,12315.75,27.83,465.84
69.68,1966.52,10.83,444.98
172.61,5687.05,66.45,363.84
295.71,5391.84,38.47,164.74
282.47,9899.03,97.58,312.14
32.09,5983.41,27.43,579.61
66.15,3079.09,41.12,503.94
56.88,9350.54,42.21,599.53
223.27,12401.37,10.76,411.35
248.98,6349.73,85.53,315.35
79.78,2851.76,12.88,437.8
161.64,3753.63,94.62,389.13
255.4,4324.77,90.29,245.75
225.18,5198.57,58.2,300.43
171.83,9999.13,58.92,467.14
185.3,9413.24,68.84,458.08
162.34,10745.12,44.83,462.91
103.31,6075.03,68.25,493.39
178.21,12535.97,14.03,496.36
212.89,3857.23,14.86,275.92
264.53,7566.57,51.15,309.97
198.16,12213.14,59.47,468.93
233.11,3522.22,89.9,295.31
64.82,2538.08,19.42,450.06
149.24,13371.58,84.04,612.17
22.61,5801.02,28.9,612.9
89.07,10574.18,45.47,582.34
223.41,1354.88,38.49,217.37
297.71,10660.66,46.01,288.64
47.77,5425.42,23.54,561.14
132.42,1780.37,55.32,360.18
244.02,9537.38,82.15,359.65
77.13,4371.25,49.74,523.98
175.42,6415.3,54.16,390.27
225.26,2128.13,86.39,264.4
192.48,3060.29,73.55,304.76
72.65,5171.68,54.14,554.87
119.51,2256.63,33.19,368.9
239.46,13751.57,89.64,448.38
175.18,1084.66,61.93,320.37
21.46,7774.04,29.9,629.34
233.08,2725.46,34.22,254.03
29.89,5307.51,82.28,620.3
228.81,13964.83,13.97,439.98
76.69,3263.72,99.29,463.61
288.26,14521.65,21.73,368.52
123.02,3881.12,81.65,435.94
111.54,11381.93,45.53,606.44
61.69,8653.48,54.3,639.46
105.57,13382.7,89.26,640.23
265.46,8755.91,47.16,316.53
298.97,8483.83,58.37,265.71
123.13,3736.41,14.44,418.72
145.61,3327.21,10.21,363.21
222.18,13830.85,32.03,420.51
268.13,5589.73,71.25,242.11
186.05,6209.15,20.91,332.45
129.63,11637.53,20.24,544.38
135.53,5743.53,46.99,454.66
214.77,14328.87,68.31,504.67
20.9,11330.99,74.09,755.27
193.49,9364.01,26.06,416.92
119.54,13332.53,17.16,569.96
242.38,1694.48,94.64,167.23
46.04,4598.88,33.46,542.63
184.7,7510.51,86.8,412.29
154.67,4177.7,87.71,375.86
199.85,11414.67,79.53,434.27
38.16,13868.91,25.2,718.04
182.4,6932.78,83.96,403.15
177.22,5789.86,79.23,402.91
176.98,14461.71,63.71,559.38
188.98,7227.93,40.35,413.43
209.41,7846.68,33.63,338.92
245.4,5923.1,20.97,278.47
95.55,13733.68,55.88,660.23
251.01,8965.38,62.67,348.02
159.51,11670.44,42.34,506.58
41.58,12365.29,52.78,732.77
36.39,5785.89,42.72,588.39
113.59,7071.72,67.69,491.31
239.77,12878.6,91.11,443.23
218.15,6085.57,24.75,302.07
240.81,12115.09,44.33,413.03
164.84,14173.89,22.68,523.97
143.26,9724.95,66.24,512.15
61.29,11382.78,75.6,681.43
111.89,12271.36,93.87,625.18
141.53,12830.56,35.1,588.81
44.81,6530.75,95.52,626.64
81.77,1717.69,15.69,419.39
187.5,6626.27,64.27,387.74
225.99,10432.59,15.14,383.16
299.54,7304.91,90.44,250.08
281.27,11485.48,57.68,300.13
199.92,5997.75,70.24,349.17
137.95,9886.42,84.84,503.54
198.13,3609.88,23.53,312.33
239.98,11491.17,13.47,375.37
53.13,8639.74,89.1,633.78
134.77,3856.9,38.34,412.09
255.14,5086.76,21.61,238.27
127.47,11480.52,52.16,541.91
180.12,7756.42,63.85,415.45
184.58,4024.44,12.79,303.32
71.65,14541.8,34.74,665.84
121.43,11011.75,12.95,530.77
113.66,14399.89,47.83,637.75
27.34,6979.47,90.56,641.57
26.77,7651.4,98.44,632.44
252.88,13571.37,67.33,448.82
96.46,8350.69,24.55,532.56
165.06,10901.9,91.53,516.96
103.64,4530.42,56.46,471.39
283.39,7254.17,23.84,216.16
92.6,2728.3,92.96,471.27
140.3,3883.72,78.17,398.96
264.36,1013.21,75.85,143.71
255.74,1549.71,73.83,195.76
72.11,14681.97,28.03,729.33
244.74,4392.95,28.99,249.74
148.29,10286.35,71.95,537.72
155.23,12747.4,29.78,526.58
57.37,8709.25,49.48,580.91
42.57,3144.02,80.38,569.02
223.82,11193.63,80.56,469.51
159.01,9403.52,50.79,505.81
142.32,11237.51,81.3,545.21
224.26,11776.45,85.48,418.78
234.34,14655.75,68.93,454.75
64.49,9029.89,30.56,565.46
190.86,5782.98,34.66,344.55
57.9,10078.5,38.34,666.0
230.39,1958.17,20.51,201.01
203.95,13563.56,34.58,488.69
287.85,2671.33,28.86,163.59
39.31,5589.8,50.98,570.24
35.98,12420.44,91.76,781.04
99.01,9362.37,19.4,588.27
93.28,6510.9,74.82,525.09
89.15,7628.1,71.86,543.21
273.75,12963.66,18.62,371.9
89.87,5760.06,93.03,519.96
96.15,13175.1,61.16,626.73
232.63,2233.88,42.74,242.72
145.93,11875.18,78.09,581.99
237.48,12865.67,33.16,420.79
38.3,3545.45,72.42,524.41
156.52,7024.85,13.57,387.91
29.41,3317.0,85.55,567.14
37.54,10892.46,50.34,676.71
273.8,8494.87,67.3,286.02
58.99,9894.53,29.91,644.8
169.08,3750.82,70.94,371.53
135.11,3964.44,79.5,443.94
117.26,1580.96,52.59,362.22
271.95,5508.95,65.6,228.18
26.11,8836.43,51.07,678.28
205.86,13011.09,90.47,505.63
289.75,10336.98,54.81,330.17
176.85,7095.55,85.76,427.93
282.31,14343.68,82.12,441.43
34.63,11069.43,46.95,703.71
137.26,14022.31,30.71,611.15
92.84,8386.23,46.55,545.26
224.63,4624.66,84.36,298.01
294.76,1739.57,30.49,126.11
91.83,11165.19,57.2,646.42
203.17,2698.24,82.55,305.07
75.47,5238.85,41.81,510.82
178.29,8454.59,67.8,463.1
149.9,8901.83,32.11,425.4
292.16,9408.16,19.84,231.39
190.39,3327.57,81.49,335.35
117.86,6316.32,18.91,459.27
51.95,9640.72,34.42,644.22
62.35,14577.46,86.96,742.79
83.09,11186.84,41.18,631.11
90.27,13916.45,97.57,675.42
258.17,11670.97,98.18,406.66
177.14,9284.04,34.14,456.93
166.55,3688.33,13.69,355.2
52.14,10333.6,73.46,705.47
260.84,9727.31,50.59,333.46
222.39,9434.57,19.07,370.12
38.95,7857.0,73.68,605.09
218.19,8401.19,12.81,336.51
172.19,5682.2,88.32,395.66
42.88,8270.38,22.48,633.33
148.32,3765.78,21.46,351.34
155.71,12272.44,25.81,540.71
66.42,3600.88,96.42,520.57
284.8,2189.53,72.39,149.25
257.99,7107.44,82.12,301.2
207.33,10216.3,45.79,408.41
149.44,7128.04,40.27,429.95
135.29,4874.56,31.1,376.01
202.27,8814.4,53.26,394.55
172.72,5858.03,59.66,378.31
37.44,14060.15,66.86,748.16
163.5,13917.03,33.14,558.0
245.79,8033.21,95.38,352.84
148.59,5590.38,25.28,406.21
34.55,11319.85,96.91,742.94
240.16,1513.98,11.34,187.22
76.38,7646.77,53.3,559.11
92.41,5708.53,40.0,486.29
66.12,13887.5,50.42,710.04
112.46,1168.04,61.36,396.83
231.89,8739.41,49.2,379.51
165.43,11369.29,47.34,526.74
77.37,7790.25,75.95,566.9
265.79,2195.64,71.73,179.05
266.28,14614.46,84.99,448.78
263.76,8252.15,32.5,307.01
86.86,9598.61,64.86,612.89
146.35,4312.54,62.67,396.79
295.8,7768.97,43.28,208.24
236.16,7008.09,53.75,292.81
27.61,2048.54,38.24,524.13
38.26,2486.24,22.77,510.57
149.9,12724.62,29.24,522.29
274.58,4357.48,19.5,185.92
170.84,3729.42,71.48,366.7
159.39,8068.76,69.47,434.0
49.53,11762.46,95.55,730.83
203.9,1867.25,75.67,261.78
250.19,9075.31,14.68,338.72
126.52,2668.95,89.58,397.72
237.17,1510.45,87.64,197.74
290.05,1738.42,49.9,115.47
77.05,12678.3,62.73,667.44
166.53,2651.61,97.85,344.39
100.4,1632.12,57.91,406.68
242.0,7130.6,91.48,332.03
181.73,12815.91,17.47,489.04
197.68,4673.72,27.19,309.22
243.42,6903.98,49.67,263.61
130.87,1558.92,62.63,374.02
276.23,7287.1,83.46,271.35
169.25,9086.58,98.94,509.54
64.23,8992.7,45.0,587.22
214.85,5653.97,14.27,261.77
242.11,5417.46,82.11,298.59
108.69,2492.73,64.39,425.94
260.01,6135.18,27.87,226.45
273.72,2392.93,54.53,133.95
97.53,11732.34,76.81,657.5
295.39,14527.84,79.34,415.43
59.4,14581.04,54.97,680.26
76.56,13111.0,37.47,656.94
71.58,9411.09,97.64,662.95
270.32,10812.12,69.7,336.1
203.2,4992.88,46.74,308.61
62.59,9830.79,35.24,614.7
143.29,7379.09,75.8,448.13
192.28,7748.24,31.8,348.34
43.37,11608.87,25.45,700.9
267.08,4946.86,57.69,190.31
245.01,5452.55,36.1,264.53
161.46,13944.99,66.6,587.75
290.8,1787.14,20.61,80.83
136.97,7798.88,68.94,466.5
295.55,13779.21,35.5,374.27
207.02,9545.08,10.02,396.04
197.71,8649.7,21.42,374.8
66.47,4496.42,94.03,561.28
266.94,5805.86,88.06,283.87
139.7,12928.68,31.02,569.92
65.43,8829.05,80.05,600.47
23.53,8206.39,64.77,652.95
176.73,2394.12,97.38,337.2
167.67,1224.39,43.62,291.02
221.42,14491.59,71.33,512.15
269.27,6277.81,15.72,198.91
42.23,9444.98,45.66,618.49
224.82,2116.01,96.74,257.08
72.48,10563.6,58.51,621.98
260.29,14055.93,35.91,396.1
249.34,9059.31,20.82,282.23
171.42,2765.61,73.32,335.23
218.87,9144.1,68.04,387.54
108.02,11728.86,43.65,607.45
151.93,6689.83,95.58,455.08
250.06,13317.73,12.0,394.61
148.59,10081.56,37.34,520.95
120.18,13589.48,92.9,611.71
158.38,9729.07,38.88,487.18
251.91,2838.03,32.7,161.82
113.86,5335.68,58.08,448.2
68.65,3825.13,84.14,491.34
219.36,13723.57,19.28,470.71
251.27,11645.6,94.87,402.13
48.18,10469.58,81.56,677.63
87.16,5213.53,26.31,464.55
59.75,3576.63,74.08,512.95
117.42,11590.32,44.65,562.72
146.1,7638.21,46.21,464.39
229.67,4161.05,80.5,259.14
202.32,9632.71,96.65,464.09
193.86,1564.67,21.4,217.69
118.66,5566.38,47.86,441.13
255.61,7559.8,53.28,327.97
151.96,3071.42,43.87,346.72
294.15,14785.16,42.69,349.53
197.56,3927.36,14.7,293.94
55.35,2824.94,71.7,499.81
209.33,3849.49,49.26,270.91
111.03,11766.86,27.53,560.64
212.17,6957.08,83.44,417.97
39.5,8915.82,82.23,655.15
68.97,1294.13,53.78,410.81
259.61,1482.04,36.86,188.54
83.61,7241.56,67.43,565.35
254.37,12433.17,35.93,369.74
98.2,13393.34,31.24,617.53
200.01,2213.89,75.75,295.61
214.36,8537.08,13.63,351.07
163.54,13785.22,18.53,501.13
105.49,6431.62,10.61,511.45
79.54,12613.92,23.76,636.17
29.29,2871.74,16.21,551.51
105.1,14095.52,99.62,699.63
202.89,11519.93,35.99,424.05
282.73,14178.68,23.43,391.87
263.94,10472.64,31.69,316.36
234.5,6087.66,94.25,279.8
240.77,14134.54,56.81,441.46
206.2,4857.93,42.83,317.23
92.88,5650.42,88.61,508.74
274.01,10811.32,45.55,321.84
207.81,11714.43,40.15,465.53
176.92,14011.65,28.66,531.31
51.08,3867.23,44.0,505.86
145.18,12171.97,38.5,558.97
148.9,11339.64,70.96,542.87
262.08,1893.12,36.06,112.34
173.06,6421.12,61.95,408.37
126.51,4958.72,15.93,425.21
293.5,5262.87,27.22,179.01
51.0,14761.26,46.67,759.89
138.31,9998.88,94.33,526.22
31.77,11047.47,43.95,702.01
227.17,14672.65,69.77,456.24
277.06,6280.82,32.96,234.65
98.41,12225.76,21.43,646.68
260.34,7083.43,15.27,238.9
101.82,13173.47,37.49,614.29
275.02,3529.21,24.19,155.96
231.11,14267.61,25.66,454.12
245.37,4062.8,78.47,231.17
25.04,5567.09,11.43,587.92
289.59,11586.69,60.2,344.39
223.47,6512.57,44.15,327.81
105.33,9514.96,55.59,524.73
252.23,7224.03,60.65,316.37
98.83,11393.18,38.2,617.47
264.37,4196.64,36.56,222.26
51.52,1818.41,76.01,504.54
217.03,5199.01,88.41,327.04
171.4,7640.32,27.33,430.03
47.03,3352.28,18.79,544.36
87.73,5967.16,90.8,514.09
23.47,6599.76,41.49,639.09
151.26,1803.49,59.62,337.27
104.35,9166.3,42.36,545.38
187.54,13380.81,21.32,466.24
103.23,3124.4,63.04,433.47
103.98,9369.31,57.26,540.11
228.09,10306.35,28.27,368.84
33.48,6870.69,50.67,590.56
272.81,10815.37,81.73,338.98
258.63,6750.24,63.14,270.5
206.99,8064.92,18.72,362.12
186.1,1102.94,59.32,240.27
269.84,10684.08,73.25,316.63
71.89,10258.8,81.34,645.25
42.11,1537.61,66.62,484.95
87.06,6155.5,23.74,525.88
242.48,14706.45,73.92,471.87
29.71,6890.31,70.96,640.86
183.19,8027.24,12.2,420.08
298.72,13739.02,47.06,344.03
259.59,11041.67,39.97,339.93
166.0,9148.98,70.25,486.53
37.82,12169.27,29.45,711.57
252.78,13101.13,63.18,410.69
187.71,7396.43,92.19,440.28
52.18,7651.52,81.8,611.41
46.28,6404.71,92.93,605.8
274.7,14533.89,98.07,428.09
207.38,10760.33,10.96,390.93
252.2,2165.12,66.05,199.58
266.11,13081.43,47.16,413.97
180.1,7727.84,87.39,437.01
164.88,1962.55,32.66,308.88
140.52,8696.04,98.29,509.05
108.75,6840.3,65.23,512.92
141.69,13288.49,81.42,608.94
236.69,3855.92,17.7,243.13
188.54,12570.5,26.51,475.22
269.91,8807.64,78.26,316.92
144.15,1764.54,11.98,334.66
189.99,14605.83,83.52,528.75
196.77,8176.61,11.26,377.38
185.68,5072.28,69.14,314.28
216.74,7571.7,42.86,357.41
86.48,13010.01,65.03,676.2
163.46,5268.64,72.64,411.45
49.18,3697.47,40.82,512.69
127.66,2807.0,19.72,380.68
156.55,5170.03,16.27,405.19
202.62,11920.67,63.0,494.26
286.15,7602.77,56.86,250.68
188.18,4184.74,76.8,342.61
228.21,3326.59,55.88,274.38
161.75,5658.21,48.02,364.53
197.55,14158.94,45.83,503.31
39.86,5802.37,12.38,589.16
91.23,14833.74,40.2,699.43
121.32,7793.23,97.84,530.19
152.3,3508.29,88.62,355.91
32.78,13475.96,39.64,739.17
59.21,7444.98,62.9,579.74
97.51,10935.4,86.26,622.2
292.03,14771.96,49.71,366.07
112.78,1702.45,11.62,350.18
154.97,2353.72,16.71,281.67
74.91,11086.39,55.94,661.77
191.02,4945.55,97.25,353.01
98.59,3580.22,72.39,463.05
77.96,1551.07,16.38,422.23
164.64,1305.85,27.04,271.33
21.54,11842.8,79.42,719.07
22.15,2882.07,85.73,547.18
81.34,7548.09,65.59,547.29
30.28,9482.56,68.0,685.56
50.25,6996.93,12.55,554.93
114.88,1379.49,84.57,432.48
244.72,11969.02,80.94,433.31
180.17,1147.19,33.31,285.51
163.55,11666.46,73.78,522.51
102.18,13506.26,29.34,661.81
280.89,7059.76,13.63,222.31
131.16,8497.59,28.1,486.63
44.39,7677.77,26.08,603.41
192.78,6448.92,40.4,374.05
51.87,13423.94,47.66,727.24
116.66,13515.07,55.77,613.69
162.08,5701.43,52.91,386.71
264.78,9610.98,34.36,325.02
158.19,13976.71,12.63,562.86
216.63,14468.82,64.46,488.79
297.99,8125.43,45.62,206.59
56.82,7339.55,36.88,575.86
96.92,4901.72,88.02,509.13
130.48,14424.21,77.21,667.47
138.11,2999.4,87.2,372.46
135.09,9117.61,54.55,498.47
274.13,4955.7,21.78,191.02
219.93,4906.12,72.66,331.67
190.21,6669.56,28.55,361.65
106.62,14983.1,49.71,646.43
250.66,1769.53,15.85,178.5
287.42,9099.59,84.28,284.91
249.94,2156.01,21.33,154.4
20.44,3163.29,91.28,560.39
198.19,7153.88,87.78,424.36
34.32,8146.44,51.81,645.04
92.13,4623.09,76.99,494.92
36.67,5430.4,65.75,581.48
189.06,2217.54,82.28,307.74
212.25,5245.08,48.86,316.57
52.06,14531.82,80.72,758.76
127.47,14225.9,51.62,621.41
147.75,5688.3,94.69,456.87
123.33,8991.96,53.77,522.19
53.89,13734.34,51.64,700.12
137.31,1086.57,80.66,343.85
230.33,12349.57,83.94,403.89
39.88,14277.17,59.9,796.21
42.45,2278.56,26.18,512.24
119.34,3260.27,52.1,395.65
283.68,14450.45,97.13,406.41
207.2,8525.56,77.77,385.86
210.03,1198.75,83.0,281.29
121.34,4606.85,12.95,388.21
186.23,7299.21,52.11,394.99
22.84,10700.72,68.2,711.69
198.11,11264.25,84.7,487.01
275.72,14935.9,14.43,390.27
191.52,5025.16,86.72,321.42
264.64,8535.08,59.36,298.4
222.71,8466.53,27.76,329.7
53.76,6679.03,38.55,573.81
272.69,3368.27,35.37,204.71
38.6,14684.39,57.78,729.88
169.51,12946.44,14.65,495.98
59.8,7976.66,24.27,570.92
23.28,9445.44,83.14,687.93
138.17,4181.65,21.93,402.15
102.61,8613.02,31.01,530.38
156.08,10729.58,50.8,514.19
181.62,8212.34,56.54,407.58
32.25,14863.99,78.72,792.87
54.44,9558.78,50.26,650.2
176.42,6193.63,81.09,385.14
116.09,11810.13,65.65,610.53
224.17,3386.48,20.18,242.61
202.64,6383.22,24.07,356.65
256.77,5857.43,49.33,252.63
213.9,7045.3,45.72,350.54
140.38,11944.92,76.92,565.97
208.43,7778.42,62.27,372.13
97.11,12116.2,44.93,624.31
105.77,9070.84,25.37,546.19
240.92,5788.97,30.42,244.62
145.0,12339.7,61.8,588.87
243.55,4336.06,48.11,208.26
250.28,4141.36,56.34,221.89
260.12,8063.04,25.36,281.88
276.66,4651.89,69.66,221.13
140.68,1127.22,86.73,386.42
109.28,10076.17,33.21,517.04
183.02,8155.31,54.24,405.55
123.93,7237.25,97.8,465.21
188.3,14537.56,39.99,528.93
217.56,8996.79,63.55,390.8
212.75,13088.04,18.12,483.51
124.87,2952.3,64.54,406.42
66.72,8968.89,18.07,609.21
140.55,13151.71,96.33,612.05
59.93,9163.48,74.41,621.88
269.23,11052.2,80.93,329.49
116.85,6208.61,73.37,491.09
63.25,2294.29,63.08,452.71
27.13,7410.6,50.49,658.67
200.83,6522.71,87.25,369.59
198.33,13138.84,96.12,537.24
115.37,4415.93,54.91,433.12
40.08,14534.28,93.84,782.86
134.7,14413.93,62.5,621.67
107.14,4466.84,58.45,456.95
209.59,5872.73,50.9,319.86
189.62,13537.78,28.84,508.6
122.09,14532.71,10.33,594.17
81.01,7208.15,31.74,514.33
296.65,5493.96,55.88,217.7
147.12,8365.32,44.2,483.27
212.72,10628.77,50.36,420.0
59.35,4828.64,98.26,589.97
155.97,11310.62,41.52,507.67
27.71,1723.2,50.7,544.7
161.53,1690.12,22.02,306.03
289.92,6408.03,14.32,179.94
127.58,5948.62,79.79,504.46
30.92,5418.87,61.36,612.49
28.67,7874.28,78.46,651.3
128.64,5490.27,23.49,443.14
64.81,3691.61,61.46,499.28
26.54,5332.57,32.83,599.84
231.74,14648.66,30.53,412.8
148.39,6755.59,11.04,397.65
100.99,7225.98,21.73,523.49
272.02,9071.63,37.83,287.32
52.52,14766.77,20.52,730.97
287.66,4382.42,98.73,178.59
107.91,10537.95,37.78,604.74
268.75,11023.79,21.73,352.02
188.82,9502.54,27.92,416.76
251.48,2240.1,62.89,190.94
295.52,10476.21,15.76,294.71
100.75,1897.33,87.62,470.28
289.12,9346.0,96.53,320.59
129.05,11354.14,32.21,593.04
127.94,3953.58,50.51,393.96
115.31,12782.71,11.99,572.3
171.59,1424.95,67.66,281.16
63.16,12813.38,47.25,693.99
175.04,7444.61,34.31,407.0
171.68,4046.23,28.62,334.68
233.33,2872.89,68.86,258.08
253.42,14346.3,47.46,455.17
143.32,2017.32,26.17,307.93
104.65,3787.31,72.02,442.84
92.61,5869.51,60.86,525.3
74.49,9683.29,87.28,616.21
36.14,8627.22,20.57,612.65
115.89,2759.01,80.71,442.08
95.67,5056.19,70.62,467.14
290.6,4342.52,20.35,155.1
176.16,3989.6,72.53,358.39
117.24,6756.02,49.74,472.66
182.53,10856.44,95.05,506.52
58.98,4044.34,22.75,492.42
144.33,6133.5,67.86,468.27
195.35,6472.84,44.38,356.11
156.89,14670.39,96.11,619.55
132.5,14365.33,39.7,623.33
298.28,12201.93,96.6,332.37
266.49,4383.22,91.13,192.43
194.55,1952.52,34.33,271.6
179.43,5436.66,82.32,382.2
193.78,4735.12,99.6,364.94
76.37,8082.96,32.74,558.95
130.64,11888.19,49.31,557.85
31.05,13016.52,56.82,782.34
153.15,12828.1,36.54,515.66
172.05,6035.46,11.37,383.0
83.77,10621.28,29.81,590.18
289.93,5379.68,35.37,183.67
274.65,1852.68,49.92,143.7
222.2,10821.91,25.4,379.77
169.35,1137.59,88.59,324.45
263.59,6728.56,73.44,303.72
56.58,5611.31,17.67,545.59
241.34,10707.29,68.51,388.45
54.95,11727.44,68.83,666.81
242.38,5257.32,96.06,299.94
97.21,12362.78,10.27,649.7
265.59,5114.83,32.31,212.46
284.33,7248.57,93.5,257.7
61.66,11178.26,93.89,666.8
149.55,10700.88,74.85,517.33
294.68,14823.16,78.92,339.0
155.35,4152.25,18.23,367.23
261.79,10272.45,56.25,323.97
184.84,9535.55,30.84,396.66
125.09,13811.38,26.31,616.81
100.02,3189.07,82.93,433.58
76.9,11525.17,22.15,619.45
233.3,8955.76,52.18,384.58
128.23,4845.32,94.47,423.61
163.16,7642.09,26.72,390.82
157.85,5672.87,98.02,431.08
181.64,9110.39,99.49,482.48
262.36,13446.01,60.01,373.89
294.61,8970.27,25.31,258.31
134.12,9844.11,38.45,526.54
251.71,8262.47,48.2,270.61
234.07,1716.32,37.84,218.11
180.59,4260.02,35.26,349.48
287.69,7888.02,97.5,268.74
76.13,5343.29,23.8,529.61
50.59,3544.69,76.0,555.73
259.11,8057.86,10.04,279.57
142.96,5519.34,63.66,418.74
257.15,4613.51,92.43,233.3
270.07,7495.8,35.91,262.02
37.49,2865.98,26.7,525.83
267.37,13988.44,68.65,406.56
145.53,13147.83,74.13,537.78
162.92,10906.69,71.92,535.09
195.45,2486.99,38.74,279.74
279.39,11862.28,32.7,326.92
25.35,12311.4,96.03,773.36
153.52,11748.7,93.1,581.74
212.56,2595.52,51.16,202.61
222.36,10014.71,86.16,418.52
213.91,12680.55,50.71,429.57
57.64,9082.95,48.2,629.28
103.83,10049.7,24.11,559.86
120.44,7417.09,48.38,504.58
245.24,8401.9,58.37,319.37
98.05,1481.28,12.03,351.09
79.0,9945.48,49.97,596.39
288.09,2140.26,80.32,158.98
22.48,7090.2,71.2,663.99
299.39,5097.17,67.16,163.0
209.51,8635.99,91.86,424.93
251.97,2867.83,11.62,172.25
102.49,10683.01,60.13,597.24
24.01,12130.16,80.86,736.82
226.6,3286.96,58.72,258.84
253.56,2460.38,39.15,206.28
227.33,3037.22,22.26,206.34
60.0,13279.79,89.88,706.94
230.96,8394.65,52.37,351.34
235.3,7541.65,89.03,390.43
204.39,2493.97,62.73,257.39
234.51,10093.78,70.68,426.25
256.86,13151.99,82.38,459.03
191.81,12594.6,69.32,496.89
44.81,9764.77,45.82,645.03
156.54,2053.9,56.23,320.55
41.74,2573.56,82.27,528.63
134.11,1690.33,43.63,326.32
133.99,4604.71,44.93,412.05
38.48,2899.26,18.61,539.5
117.67,4640.67,92.31,450.24
51.08,6390.81,18.19,555.48
246.31,14201.76,68.34,414.72
285.35,9545.26,47.19,293.95
40.25,12689.63,46.51,721.96
287.43,10944.92,71.16,324.6
166.32,2575.04,16.04,305.7
103.88,11302.89,63.43,596.1
41.52,4851.38,79.48,584.53
160.17,9947.51,84.54,500.38
242.46,5773.47,25.35,270.75
217.98,14967.41,90.77,522.06
34.06,4689.72,69.05,599.69
40.41,4907.83,89.37,595.76
132.8,14029.41,53.68,612.08
102.68,1345.02,58.78,432.64
85.07,10753.65,92.71,642.23
98.68,11154.57,90.99,646.66
244.98,12709.3,50.33,424.03
280.18,14642.15,34.7,353.08
133.43,14658.43,45.39,641.81
273.71,1913.87,44.9,152.86
110.02,12505.75,35.82,601.96
153.4,10048.34,34.17,493.58
83.29,10062.79,87.5,613.17
199.33,2796.9,16.29,269.62
294.11,10102.62,70.99,284.54
188.98,14754.76,25.55,549.89
120.19,13765.46,41.01,613.26
201.39,7147.83,15.54,340.99
54.42,1559.27,34.3,448.21
268.82,6072.11,79.16,263.16
160.86,12569.46,89.65,558.66
145.82,10820.99,29.94,520.43
184.04,7430.81,51.72,377.87
194.94,1771.42,52.33,237.16
40.1,6976.53,88.62,636.21
211.13,7566.35,78.65,403.65
87.74,13999.78,56.18,655.95
219.91,9975.21,70.37,436.62
250.31,5363.14,86.26,280.61
245.11,8354.46,10.86,304.71
174.7,1924.77,46.26,291.62
165.65,14615.96,91.65,561.98
60.01,6040.84,76.63,588.88
237.1,7690.14,58.86,312.07
95.99,5973.98,57.67,488.73
159.07,10555.16,41.3,512.98
99.6,10271.25,56.85,546.79
57.47,11014.51,68.98,638.1
196.28,4754.01,47.65,324.13
35.21,5419.36,74.27,598.57
229.62,2753.52,87.51,264.09
108.92,10177.14,23.92,546.08
20.04,1557.16,50.64,577.01
163.12,9367.55,46.72,461.48
33.12,13175.74,71.87,745.16
97.33,13471.65,32.49,623.75
217.95,7286.53,67.62,355.09
37.55,7430.25,88.97,649.06
255.01,2077.57,47.63,206.92
21.07,10390.71,91.99,692.42
89.11,12497.63,99.38,661.06
227.45,4425.17,19.55,266.03
108.56,6898.21,30.97,502.36
48.53,12743.75,95.53,729.98
120.87,13279.69,96.25,643.27
95.71,4404.52,18.79,437.74
255.96,8707.99,11.35,327.05
107.74,3694.9,24.5,444.39
240.9,2426.3,99.64,210.1
269.72,13755.69,26.2,362.13
141.47,12487.11,55.23,544.21
274.78,11640.49,86.36,377.37
125.65,1682.73,11.84,325.4
289.94,12812.2,64.4,346.91
45.0,7132.62,34.93,601.71
212.37,5793.53,87.61,339.8
158.27,8650.67,35.51,458.54
128.54,2278.95,71.81,367.35
197.16,11593.05,70.68,483.36
217.08,9154.09,29.93,360.16
21.22,3612.26,13.13,540.49
66.75,3635.25,46.83,500.76
219.65,3579.48,36.03,262.19
206.59,1798.03,82.81,267.96
290.49,9229.18,82.03,274.85
233.09,12764.87,51.13,425.24
286.22,1244.97,64.59,127.91
216.71,1686.07,64.38,213.34
103.45,9018.78,84.44,558.17
49.5,12472.94,48.25,707.08
238.91,5574.34,34.79,244.97
200.36,5894.6,33.85,357.41
33.49,9348.85,58.26,691.26
120.81,4838.98,50.42,415.87
287.9,1372.52,49.61,147.55
160.11,11293.2,18.2,491.93
141.16,9759.1,74.67,529.14
148.16,9130.58,29.24,465.06
78.49,11383.58,27.73,642.26
123.24,10453.23,47.15,555.9
123.55,3882.35,30.5,391.29
34.66,5934.73,62.55,574.68
234.92,2765.54,43.43,195.44
136.62,2818.0,50.4,380.39
250.21,10466.74,58.35,374.64
258.1,13020.4,28.32,400.44
79.36,14478.26,24.02,680.18
204.06,9796.86,89.24,411.33
152.24,3577.42,49.04,354.07
266.44,2479.1,47.09,196.51
80.41,12379.91,13.21,623.9
209.79,9102.59,54.82,397.65
190.17,9655.99,59.88,416.29
102.68,11940.47,60.3,621.66
58.25,10845.88,73.63,657.21
202.46,12682.42,25.97,483.88
226.81,1786.99,32.7,227.35
108.38,11465.29,82.97,598.31
200.55,12911.94,95.25,502.5
130.64,5005.89,22.23,404.26
219.7,9966.26,54.79,368.78
75.78,5398.27,29.28,491.78
269.26,14411.59,15.41,396.01
100.47,1467.93,39.3,404.8
122.98,9117.1,22.93,512.31
36.27,3331.05,73.89,543.13
51.22,10971.08,58.04,690.27
164.44,3462.46,22.95,335.33
94.93,4295.37,10.83,463.0
253.93,7921.19,82.73,283.41
24.11,13807.69,25.86,674.46
126.15,3964.0,64.56,428.02
114.46,3019.36,40.32,380.37
25.41,11625.68,62.69,721.49
54.82,8008.67,38.41,591.1
135.82,13764.99,17.82,612.23
158.0,3052.6,30.07,347.08
133.2,10042.99,26.93,517.84
168.66,4260.31,48.52,373.21
186.64,3194.65,69.25,325.93
22.78,10568.01,33.74,684.91
149.95,9311.58,11.09,488.28
289.78,11567.58,56.7,302.84
165.33,5332.48,64.52,397.38
209.71,7271.6,96.66,348.24
107.32,6676.6,63.05,508.15
236.72,14777.25,52.41,470.53
236.42,5091.49,61.61,311.53
165.96,5127.44,93.51,369.06
293.28,5963.67,84.55,209.61
55.15,8904.32,39.07,631.34
24.75,4532.52,31.35,575.92
235.64,13814.06,33.64,443.24
246.0,4719.6,55.4,233.96
53.66,13541.42,76.96,717.01
94.36,2448.65,55.29,459.97
24.91,10191.88,16.1,673.49
102.13,13697.8,75.12,665.83
236.48,3362.49,82.54,251.5
165.03,14556.58,36.05,537.95
117.47,7340.37,69.77,524.17
124.09,14240.01,48.39,632.93
20.38,10475.48,90.02,770.06
103.94,5222.22,86.07,471.25
201.01,3636.24,57.29,316.31
292.77,5252.29,72.24,175.77
257.18,2302.24,89.5,208.18
26.61,3014.15,54.61,567.21
271.6,2465.25,38.19,119.56
239.3,6921.21,77.83,314.3
238.51,12138.1,29.81,388.64
148.24,2979.37,44.97,345.67
131.44,2824.49,87.92,410.99
104.82,10008.01,75.2,602.95
38.39,3760.56,46.34,538.13
83.91,2366.54,29.33,440.25
89.05,3335.88,42.04,456.45
155.54,13932.24,35.57,563.15
229.28,12500.6,25.85,397.22
152.67,5956.9,76.9,450.76
36.2,10181.49,32.69,671.58
288.18,8521.86,50.88,271.5
283.96,10479.74,44.73,289.88
239.85,10557.4,98.39,391.38
297.57,9802.28,45.2,268.76
172.46,4725.42,17.2,313.74
289.58,1546.09,18.08,71.84
41.17,7377.93,63.17,605.37
122.39,13473.63,63.94,628.31
83.11,8972.96,47.69,565.58
74.83,12653.47,48.87,644.88
59.42,14882.74,14.85,699.65
194.28,3290.63,56.49,293.54
238.77,10684.89,55.43,376.18
181.92,10440.11,23.46,490.96
61.15,14719.38,19.35,733.43
247.11,14798.41,21.12,456.35
198.07,10613.5,19.09,448.09
128.69,4410.61,64.87,407.64
208.76,12179.78,27.68,419.86
92.77,2498.41,32.63,404.99
116.65,11929.79,25.62,603.12
276.9,13742.75,96.21,396.67
101.34,6359.67,86.92,493.61
151.6,9828.89,30.74,475.94
269.24,7022.0,39.48,251.55
218.16,7128.71,28.89,335.14
37.42,5345.19,54.27,582.93
61.24,11669.81,11.76,630.85
22.2,14106.47,70.42,797.76
196.66,14170.51,57.08,504.18
145.35,3446.94,90.88,393.23
57.6,13246.41,24.8,704.67
288.22,11324.04,82.37,322.5
168.3,4539.72,81.28,367.59
87.73,1941.98,21.45,429.8
160.17,4751.96,45.87,360.57
210.29,13770.92,25.31,464.94
41.35,9864.5,32.92,662.85
96.92,11094.77,33.69,634.45
245.95,4600.13,60.06,265.22
148.71,11071.43,47.03,531.34
173.04,1393.7,95.3,326.58
141.19,6254.5,21.37,402.53
32.29,9774.55,97.63,698.18
66.41,3045.35,30.76,476.08
144.75,12522.05,79.56,579.52
78.57,4290.44,40.51,490.53
33.99,10131.94,22.88,670.68
256.22,6672.76,87.21,286.5
294.73,9344.61,37.8,264.86
242.08,2504.31,69.3,197.06
259.06,1236.78,60.98,160.24
87.75,13733.9,52.46,697.09
288.98,4774.82,54.62,195.72
75.14,12475.48,75.9,674.33
286.4,14990.9,17.9,417.09
298.55,3960.04,70.14,139.23
219.28,4712.39,90.62,288.45
294.72,10280.04,15.2,305.38
179.47,14516.28,22.66,533.37
92.67,13821.4,74.5,669.82
142.36,8040.26,49.36,447.96
186.2,12131.54,46.32,495.45
40.46,2900.44,22.33,519.37
194.26,14684.13,55.61,508.21
294.73,14500.95,21.39,355.81
73.23,3292.21,52.9,475.74
241.93,5191.92,78.73,285.43
274.21,2402.17,33.24,130.96
284.24,4804.05,53.27,221.4
288.84,12423.38,99.28,383.17
166.01,6296.42,71.8,405.55
293.65,2237.56,85.72,142.81
232.05,5791.16,47.34,288.69
65.27,14739.37,79.11,720.87
153.53,9815.57,13.65,463.97
221.13,6826.25,21.06,309.95
89.26,3331.54,28.28,479.14
199.37,14806.48,46.18,539.09
206.65,12491.89,86.12,501.62
65.56,4940.68,41.16,528.46
178.22,1980.96,68.92,284.39
236.06,1792.76,73.84,217.86
159.69,2685.29,62.76,364.96
23.39,9130.76,42.15,643.44
22.53,14002.69,61.93,789.96
119.97,7954.41,40.8,545.99
279.33,12801.24,17.55,367.03
84.03,7242.41,99.35,596.76
197.62,10920.17,21.45,437.06
82.18,11246.22,16.51,629.27
110.07,3435.49,89.07,433.79
257.45,6057.02,37.17,269.46
224.08,9922.23,68.53,409.67
46.71,1989.75,39.61,495.33
140.04,6061.56,45.23,460.11
28.17,8487.19,33.59,633.51
154.65,14947.14,40.87,583.66
205.48,7643.47,46.96,370.04
53.18,12424.79,74.84,685.55
100.89,7048.94,56.04,522.2
131.39,12149.47,94.92,558.98
277.47,9335.81,13.77,298.34
298.11,13412.34,55.28,349.65
32.58,6753.2,62.58,607.07
233.08,9460.26,92.82,369.3
124.08,9820.26,14.42,512.8
129.89,6843.36,61.61,486.61
231.19,3020.37,86.83,267.98
277.16,2309.83,31.77,132.23
286.26,1233.4,88.87,122.79
181.59,13229.48,11.71,511.19
119.99,4310.65,75.92,429.74
240.51,3961.09,93.98,266.64
90.28,11304.5,69.15,627.72
177.94,5480.23,49.51,373.69
120.4,8084.63,14.04,505.27
203.86,3275.15,92.81,280.86
87.31,14436.44,52.33,645.7
73.65,12922.14,12.61,642.93
277.11,13093.05,72.08,418.27
48.51,6694.83,53.37,628.27
161.67,11673.06,21.19,538.18
81.84,3014.27,29.28,448.31
30.9,1120.67,15.8,448.32
30.09,1279.62,61.69,464.45
69.06,9212.42,65.98,601.37
262.7,7375.53,55.52,277.26
99.09,8252.21,83.54,584.19
286.13,1104.48,87.49,154.0
182.85,6917.61,65.41,401.32
142.25,11052.95,11.15,495.46
182.42,7197.71,72.57,387.39
164.68,11251.07,47.62,506.9
232.46,4262.27,60.9,280.95
99.1,12383.99,68.42,641.08
118.85,9238.04,41.52,506.55
270.35,3950.68,92.54,232.78
285.01,4314.09,22.06,178.32
269.92,9792.43,70.44,304.78
137.45,12619.15,10.39,535.72
238.5,6818.79,93.22,339.0
153.37,4616.21,20.13,367.64
159.31,13138.16,18.54,564.85
77.31,10369.76,39.97,621.44
185.52,7273.2,43.62,379.27
72.12,7830.6,29.29,562.87
112.84,3859.59,62.66,440.53
259.41,9775.24,49.86,316.76
77.98,6022.4,13.08,491.76
39.92,14939.03,38.77,772.31
39.32,7722.57,82.94,653.84
283.42,7802.4,72.07,279.03
161.94,8921.93,75.24,503.46
134.64,13834.58,72.83,600.32
247.05,12211.45,37.99,426.14
254.03,7315.82,18.97,256.74
113.01,11061.79,34.52,548.72
214.21,9207.3,84.86,370.06
235.91,7893.14,98.24,344.2
203.3,3692.42,54.45,286.04
62.45,7495.11,10.87,572.19
265.25,4441.46,22.6,207.14
170.95,13807.79,38.99,515.37
99.09,5695.7,62.07,488.46
139.06,14331.7,16.76,578.99
30.52,8462.77,94.9,635.41
55.8,9841.62,42.86,614.94
234.35,8601.17,92.13,351.14
20.0,2811.33,80.25,595.02
136.64,6261.5,77.99,463.1
166.3,2388.05,64.6,343.85
35.3,9721.36,66.41,644.71
292.46,7256.24,67.42,264.03
83.32,11891.79,66.58,672.18
105.18,4086.59,59.84,413.92
105.1,3303.92,98.78,443.7
84.52,6688.65,75.91,554.87
20.41,13972.2,79.93,801.68
224.22,10945.91,88.52,413.28
290.72,6864.93,29.41,209.82
82.8,8241.81,17.54,537.46
205.65,2178.98,53.46,264.04
227.73,14784.06,56.27,506.16
257.56,10329.7,84.63,347.15
138.34,4995.66,49.94,437.4
104.82,9201.32,61.38,541.85
111.08,2532.75,57.44,395.8
219.53,14521.71,13.44,484.22
248.7,3446.99,65.37,247.02
70.85,10072.42,84.52,654.46
123.86,4436.36,24.18,388.7
272.54,11045.86,63.49,334.53
245.87,11875.5,63.42,416.87
295.76,10427.88,24.78,278.14
231.19,9602.99,21.11,334.36
130.09,13494.57,98.2,633.02
185.38,2100.77,45.43,272.37
205.08,5632.81,30.47,356.15
41.97,4476.02,25.42,570.18
172.46,14832.2,70.08,585.08
218.61,6451.46,64.85,360.76
66.85,11256.58,67.92,660.11
238.58,10586.15,17.92,378.13
183.46,3969.14,90.42,378.96
286.62,4345.97,45.03,184.41
31.88,4937.98,38.2,564.94
94.29,6755.78,51.61,485.39
188.44,4280.55,45.11,323.85
103.04,1275.12,87.72,431.28
220.04,13311.5,93.63,501.9
232.52,14518.54,37.31,470.33
48.7,5781.99,87.75,575.63
163.88,5739.1,80.34,369.6
162.49,1099.29,93.77,315.23
123.4,10523.51,32.12,535.34
281.22,12556.16,61.93,354.0
251.7,3052.52,34.71,213.22
215.22,3235.33,84.17,323.68
220.01,12061.17,10.48,418.92
149.28,9628.07,60.83,494.72
277.88,1628.05,40.53,130.82
214.49,9715.66,39.04,394.59
224.11,5324.85,68.04,287.78
261.27,6162.15,86.63,277.05
96.74,11776.24,64.83,631.84
245.98,12353.09,86.79,425.68
74.67,6604.99,33.81,546.16
116.7,14260.14,56.76,647.21
113.97,6690.48,50.55,452.69
293.99,11805.7,11.05,313.39
259.83,7774.28,60.11,282.38
216.33,13565.45,69.54,459.67
223.58,13708.66,63.27,448.36
177.38,2223.84,76.27,325.21
285.19,14110.91,61.42,380.7
158.95,12557.49,16.01,487.09
126.54,12078.35,20.48,571.55
65.65,3812.76,63.68,480.83
240.14,12271.67,34.75,405.4
225.64,12901.86,17.17,432.92
127.62,5048.1,48.66,451.58
27.05,14331.64,59.89,811.63
254.92,1698.04,39.59,144.08
23.2,3098.73,74.84,563.55
217.04,8526.14,67.94,373.41
291.67,9061.09,39.95,272.37
142.55,10032.1,77.94,530.11
85.79,1237.57,68.38,423.2
217.36,14445.13,67.37,487.72
248.8,1624.23,59.81,166.87
173.0,3002.87,11.03,325.83
290.77,1196.2,72.69,133.3
34.47,8936.02,43.84,667.3
161.34,14051.74,94.83,580.23
221.17,10323.26,83.62,403.39
261.54,12517.2,62.89,367.92
70.19,1185.94,32.7,441.96
244.0,8588.21,28.33,299.13
174.76,7433.88,40.63,443.83
131.04,7985.55,52.89,463.45
56.88,2010.98,36.65,478.7
262.28,10582.1,56.34,377.73
64.04,8045.09,24.88,589.27
106.74,11712.08,97.99,626.64
101.21,7794.07,19.71,494.55
264.0,3091.34,93.87,185.14
